Q,A,label
최근 알고 공지사항 대구대 7일내 있어, 네 최근 7일간 대구대 공지사항 입니다. D7 ,0
최근 7일내 대구대학교 공지사항 알고 있어, 네 최근 7일간 대구대 공지사항 입니다. D7 ,0
최근 7일내 대구대 공지사항 알고 있어, 네 최근 7일간 대구대 공지사항 입니다. D7 ,0
공지사항 알려줘 최근 7일내,네 최근 7일간 대구대 공지사항 입니다. D7 ,0
최근 7일내 공지사항 알려줘,네 최근 7일간 대구대 공지사항 입니다. D7 ,0
최근 7일내 공지사항 알려줘 ,네 최근 7일간 대구대 공지사항 입니다. D7 ,0
최근 7일내에 대구대학교 공지 알려줘, 네 최근 7일간 대구대 공지사항 입니다. D7 ,0
최근 7일내에 공지 대구대 알려줘, 네 최근 7일간 대구대 공지사항 입니다. D7 ,0
최근 7일내에  대구대 공지 알려줘, 네 최근 7일간 대구대 공지사항 입니다. D7 ,0
7일내 공지사항 대구대 최근, 네 최근 7일간 대구대 공지사항 입니다. D7 ,0
최근 7일내 대구대 공지사항, 네 최근 7일간 대구대 공지사항 입니다. D7 ,0
최근 7일내 대구대 공지사항, 네 최근 7일간 대구대 공지사항 입니다. D7 ,0
공지 7일내 최근 대구대, 네 최근 7일간 대구대 공지사항 입니다. D7 ,0
최근 7일내 머구머 공지, 네 최근 7일간 대구대 공지사항 입니다. D7 ,0
최근 7일내 대구대 공지, 네 최근 7일간 대구대 공지사항 입니다. D7 ,0
대구대 알려줘 공지 일주일간, 네 최근 7일간 대구대 공지사항 입니다. D7 ,0
일주일간 머구머 공지 알려줘, 네 최근 7일간 대구대 공지사항 입니다. D7 ,0
일주일간 대구대 공지 알려줘, 네 최근 7일간 대구대 공지사항 입니다. D7 ,0
일주일간 공지사항 알려줘, 네 최근 7일간 대구대 공지사항 입니다. D7 ,0
알려줘 공지사항 일주일간, 네 최근 7일간 대구대 공지사항 입니다. D7 ,0
일주일간 공지사항 알려줘, 네 최근 7일간 대구대 공지사항 입니다. D7 ,0
일주일간 대구대학교 공지사항 알고 있어, 네 최근 7일간 대구대 공지사항 입니다. D7 ,0
일주일간 있어 알고 대구대 공지사항, 네 최근 7일간 대구대 공지사항 입니다. D7 ,0
일주일간 대구대 공지사항 알고 있어, 네 최근 7일간 대구대 공지사항 입니다. D7 ,0
있어 알고 일주일내에 대구대 공지사항, 네 최근 7일간 대구대 공지사항 입니다. D7 ,0
일주일내에 대구대학교 공지사항 알고 있어, 네 최근 7일간 대구대 공지사항 입니다. D7 ,0
일주일내에 대구대 공지사항 알고 있어, 네 최근 7일간 대구대 공지사항 입니다. D7 ,0
공지사항 1주내에 대구대, 네 최근 1주내에 대구대 공지사항 입니다. D7 ,0
1주내에 대구대 공지사항, 네 최근 1주내에 대구대 공지사항 입니다. D7 ,0
1주내에 대구대 공지사항, 네 최근 1주내에 대구대 공지사항 입니다. D7 ,0
대구대학교 공지사항을 1주일치 보여줘, 네 1주간 대구대 공지사항 입니다. D7 ,0
대구대 1주일치 보여줘 공지사항을, 네 1주간 대구대 공지사항 입니다. D7 ,0
대구대 공지사항을 1주일치 보여줘, 네 1주간 대구대 공지사항 입니다. D7 ,0
보여줘 대구대 공지사항, 네 1주간 대구대 공지사항 입니다. D7 ,0
대구대학교 공지사항 보여줘, 네 1주간 대구대 공지사항 입니다. D7 ,0
대구대 공지사항 보여줘, 네 1주간 대구대 공지사항 입니다. D7 ,0
오늘 대구대학교 공지사항 알고 있어, 네 오늘 대구대 공지사항 입니다. D0 ,0
공지사항 오늘 대구대 있어 알고, 네 오늘 대구대 공지사항 입니다. D0 ,0
오늘 대구대 공지사항 알고 있어, 네 오늘 대구대 공지사항 입니다. D0 ,0
공지사항 오늘 알려줘, 네 오늘 대구대 공지사항 입니다. D0 ,0
금일 공지사항 알려줘, 네 오늘 대구대 공지사항 입니다. D0 ,0
오늘 공지사항 알려줘, 네 오늘 대구대 공지사항 입니다. D0 ,0
금일 머구머 공지 알려줘, 네 오늘 대구대 공지사항 입니다. D0 ,0
대구대 공지 오늘 알려줘, 네 오늘 대구대 공지사항 입니다. D0 ,0
오늘  대구대 공지 알려줘, 네 오늘 대구대 공지사항 입니다. D0 ,0
대구대 공지사항 오늘, 네 오늘 대구대 공지사항 입니다. D0 ,0
오늘 머구머 공지사항, 네 오늘 대구대 공지사항 입니다. D0 ,0
오늘 대구대 공지사항, 네 오늘 대구대 공지사항 입니다. D0 ,0
오늘 대구대 공지, 네 오늘 대구대 공지사항 입니다. D0 ,0
금일 대구대 공지, 네 오늘 대구대 공지사항 입니다. D0 ,0
오늘 대구대 공지, 네 오늘 대구대 공지사항 입니다. D0 ,0
오늘 공지사항 알려줘, 네 오늘 대구대 공지사항 입니다. D0 ,0
오늘 공지사항 알려줘, 네 오늘 대구대 공지사항 입니다. D0 ,0
오늘 공지사항 알려줘, 네 오늘 대구대 공지사항 입니다. D0 ,0
알고 오늘 대구대 공지사항 있어, 네 오늘 대구대 공지사항 입니다. D0 ,0
오늘 대구대학교 공지사항 알고 있어, 네 오늘 대구대 공지사항 입니다. D0 ,0
오늘 대구대 공지사항 알고 있어, 네 오늘 대구대 공지사항 입니다. D0 ,0
오늘 알고 있니 공지사항 대구대, 네 오늘 대구대 공지사항 입니다. D0 ,0
오늘 대구대 공지사항 알고 있니, 네 오늘 대구대 공지사항 입니다. D0 ,0
오늘 대구대 공지사항 알고 있니, 네 오늘 대구대 공지사항 입니다. D0 ,0
어제 대구대 공지사항 알고 있어, 네 어제 대구대 공지사항 입니다. D-1 ,0
어제 공지사항 대구대 알고 있어, 네 어제 대구대 공지사항 입니다. D-1 ,0
어제 대구대 공지사항 알고 있어, 네 어제 대구대 공지사항 입니다. D-1 ,0
공지사항 알려줘 어제, 네 어제 대구대 공지사항 입니다. D-1 ,0
어제 공지사항 알려줘, 네 어제 대구대 공지사항 입니다. D-1 ,0
어제 공지사항 알려줘, 네 어제 대구대 공지사항 입니다. D-1 ,0
어제 대구대학교 공지 알려줘, 네 어제 대구대 공지사항 입니다. D-1 ,0
어제 대구대 공지 알려줘, 네 어제 대구대 공지사항 입니다. D-1 ,0
어제 대구대 공지 알려줘, 네 어제 대구대 공지사항 입니다. D-1 ,0
어제 머구머 공지사항, 네 어제 대구대 공지사항 입니다. D-1 ,0
대구대 공지사항 어제, 네 어제 대구대 공지사항 입니다. D-1 ,0
어제 대구대 공지사항, 네 어제 대구대 공지사항 입니다. D-1 ,0
대구대 공지 어제, 네 어제 대구대 공지사항 입니다. D-1 ,0
어제 대구대 공지, 네 어제 대구대 공지사항 입니다. D-1 ,0
어제 대구대 공지, 네 어제 대구대 공지사항 입니다. D-1 ,0
어제 공지사항 알려줘, 네 어제 대구대 공지사항 입니다. D-1 ,0
어제 공지사항 알려줘, 네 어제 대구대 공지사항 입니다. D-1 ,0
어제 공지사항 알려줘, 네 어제 대구대 공지사항 입니다. D-1 ,0
어제 머구머 공지사항 알고 있어, 네 어제 대구대 공지사항 입니다. D-1 ,0
알고 대구대 공지사항 어제 있어, 네 어제 대구대 공지사항 입니다. D-1 ,0
어제 대구대 공지사항 알고 있어, 네 어제 대구대 공지사항 입니다. D-1 ,0
대구대 공지사항 있니 알고 어제, 네 어제 대구대 공지사항 입니다. D-1 ,0
어제 머구머 공지사항 알고 있니, 네 어제 대구대 공지사항 입니다. D-1 ,0
어제 대구대 공지사항 알고 있니, 네 어제 대구대 공지사항 입니다. D-1 ,0
10일간 대구대 공지사항 알고 있어, 네 10일간 대구대 공지사항 입니다. D10 ,0
대구대 알고 있어 10일간 공지사항, 네 10일간 대구대 공지사항 입니다. D10 ,0
10일간 대구대 공지사항 알고 있어, 네 10일간 대구대 공지사항 입니다. D10 ,0
공지사항 알려줘 10일동안, 네 10일동안 대구대 공지사항 입니다. D10 ,0
10일동안 공지사항 알려줘, 네 10일동안 대구대 공지사항 입니다. D10 ,0
10일동안 공지사항 알려줘, 네 10일동안 대구대 공지사항 입니다. D10 ,0
10일간 대구대학교 공지 알려줘, 네 10일간 대구대 공지사항 입니다. D10 ,0
10일간 대구대 공지 알려줘, 네 10일간 대구대 공지사항 입니다. D10 ,0
10일간 대구대 공지 알려줘, 네 10일간 대구대 공지사항 입니다. D10 ,0
10일간 대구대 공지사항, 네 10일간 대구대 공지사항 입니다. D10 ,0
10일간 대구대 공지사항, 네 10일간 대구대 공지사항 입니다. D10 ,0
10일간 대구대 공지사항, 네 10일간 대구대 공지사항 입니다. D10 ,0
10일간 대구대학교 공지, 네 10일간  대구대 공지사항 입니다. D10 ,0
공지 10일간 대구대, 네 10일간  대구대 공지사항 입니다. D10 ,0
10일간 대구대 공지, 네 10일간  대구대 공지사항 입니다. D10 ,0
공지사항 알려줘 10일간, 네 10일간 대구대 공지사항 입니다. D10 ,0
10일간 공지사항 알려줘, 네 10일간 대구대 공지사항 입니다. D10 ,0
10일간 공지사항 알려줘, 네 10일간 대구대 공지사항 입니다. D10 ,0
공지사항 있어 알고 10일간 대구대, 네 10일간 대구대 공지사항 입니다. D10 ,0
10일간 대구대학교 공지사항 알고 있어, 네 10일간 대구대 공지사항 입니다. D10 ,0
10일간 대구대 공지사항 알고 있어, 네 10일간 대구대 공지사항 입니다. D10 ,0
10일치 공지사항 알려줘, 네 10일간 대구대 공지사항 입니다. D10 ,0
10일치 공지사항 알려줘, 네 10일간 대구대 공지사항 입니다. D10 ,0
10일치 공지사항 알려줘, 네 10일간 대구대 공지사항 입니다. D10 ,0
10일치 대구대 공지사항 알고 있어, 네 10일치 대구대 공지사항 입니다. D10 ,0
알고 10일치 대구대 공지사항 있어, 네 10일치 대구대 공지사항 입니다. D10 ,0
10일치 대구대 공지사항 알고 있어, 네 10일치 대구대 공지사항 입니다. D10 ,0
열흘치 머구머 공지사항 알고 있어, 네 열흘치 대구대 공지사항 입니다. D10 ,0
있어 알고 열흘치 대구대 공지사항, 네 열흘치 대구대 공지사항 입니다. D10 ,0
열흘치 대구대 공지사항 알고 있어, 네 열흘치 대구대 공지사항 입니다. D10 ,0
2주간 대구대학교 공지사항 알고 있어, 네 2주간 대구대 공지사항 입니다. D14 ,0
2주간 있어 공지사항 알고 대구대, 네 2주간 대구대 공지사항 입니다. D14 ,0
2주간 대구대 공지사항 알고 있어, 네 2주간 대구대 공지사항 입니다. D14 ,0
2주간 공지사항 알려줘, 네 2주간 대구대 공지사항 입니다. D14 ,0
알려줘 2주간 공지사항, 네 2주간 대구대 공지사항 입니다. D14 ,0
2주간 공지사항 알려줘, 네 2주간 대구대 공지사항 입니다. D14 ,0
2주동안 대구대학교 공지 알려줘, 네 2주간 대구대 공지사항 입니다. D14 ,0
알려줘 2주동안 공지 대구대, 네 2주간 대구대 공지사항 입니다. D14 ,0
2주동안 대구대 공지 알려줘, 네 2주간 대구대 공지사항 입니다. D14 ,0
2주간 대구대학교 공지사항, 네 2주간 대구대 공지사항 입니다. D14 ,0
공지사항 2주간 대구대, 네 2주간 대구대 공지사항 입니다. D14 ,0
2주간 대구대 공지사항, 네 2주간 대구대 공지사항 입니다. D14 ,0
대구대 공지 2주동안, 네 2주간 대구대 공지사항 입니다. D14 ,0
2주동안 머구머 공지, 네 2주간 대구대 공지사항 입니다. D14 ,0
2주동안 대구대 공지, 네 2주간 대구대 공지사항 입니다. D14 ,0
공지사항 알려줘 2주간, 네 2주간 대구대 공지사항 입니다. D14 ,0
2주간 공지사항 알려줘, 네 2주간 대구대 공지사항 입니다. D14 ,0
2주간 공지사항 알려줘, 네 2주간 대구대 공지사항 입니다. D14 ,0
공지사항 2주동안 대구대 있어 알고, 네 2주간 대구대 공지사항 입니다. D14 ,0
2주동안 머구머 공지사항 알고 있어, 네 2주간 대구대 공지사항 입니다. D14 ,0
2주동안 대구대 공지사항 알고 있어, 네 2주간 대구대 공지사항 입니다. D14 ,0
2주내에 공지사항 알려줘, 네 2주간 대구대 공지사항 입니다. D14 ,0
2주내에 공지사항 알려줘, 네 2주간 대구대 공지사항 입니다. D14 ,0
2주내에 공지사항 알려줘, 네 2주간 대구대 공지사항 입니다. D14 ,0
공지사항 대구대 있어 2주치 알고, 네 2주치 대구대 공지사항 입니다. D14 ,0
2주치 대구대학교 공지사항 알고 있어, 네 2주치 대구대 공지사항 입니다. D14 ,0
2주치 대구대 공지사항 알고 있어, 네 2주치 대구대 공지사항 입니다. D14 ,0
7일내 공지사항 대구대학교 최근 알고 있어, 네 최근 7일간 대구대학교 공지사항 입니다.  D7 ,0
최근 7일내 대구대학교 공지사항 알고 있어, 네 최근 7일간 대구대학교 공지사항 입니다.  D7 ,0
최근 7일내 대구대학교 공지사항 알고 있어, 네 최근 7일간 대구대학교 공지사항 입니다.  D7 ,0
알려줘 공지사항 7일내 최근,네 최근 7일간 대구대학교 공지사항 입니다. D7 ,0
최근 7일내 공지사항 알려줘,네 최근 7일간 대구대학교 공지사항 입니다. D7 ,0
최근 7일내 공지사항 알려줘 ,네 최근 7일간 대구대학교 공지사항 입니다. D7 ,0
최근 7일내에 대구대학교 공지 알려줘, 네 최근 7일간 대구대학교 공지사항 입니다. D7 ,0
최근 대구대학교 7일내에 공지 알려줘, 네 최근 7일간 대구대학교 공지사항 입니다. D7 ,0
최근 7일내에  대구대학교 공지 알려줘, 네 최근 7일간 대구대학교 공지사항 입니다. D7 ,0
최근 7일내 대구대학교 공지사항, 네 최근 7일간 대구대학교 공지사항 입니다. D7 ,0
최근 7일내 대구대학교 공지사항, 네 최근 7일간 대구대학교 공지사항 입니다. D7 ,0
최근 7일내 대구대학교 공지사항, 네 최근 7일간 대구대학교 공지사항 입니다. D7 ,0
최근 7일내 대구대학교 공지, 네 최근 7일간 대구대학교 공지사항 입니다. D7 ,0
7일내 대구대학교 최근 공지, 네 최근 7일간 대구대학교 공지사항 입니다. D7 ,0
최근 7일내 대구대학교 공지, 네 최근 7일간 대구대학교 공지사항 입니다. D7 ,0
일주일간 대구대학교 공지 알려줘, 네 최근 7일간 대구대학교 공지사항 입니다. D7 ,0
일주일간 대구대학교 공지 알려줘, 네 최근 7일간 대구대학교 공지사항 입니다. D7 ,0
일주일간 대구대학교 공지 알려줘, 네 최근 7일간 대구대학교 공지사항 입니다. D7 ,0
일주일간 공지사항 알려줘, 네 최근 7일간 대구대학교 공지사항 입니다. D7 ,0
공지사항 알려줘 일주일간, 네 최근 7일간 대구대학교 공지사항 입니다. D7 ,0
일주일간 공지사항 알려줘, 네 최근 7일간 대구대학교 공지사항 입니다. D7 ,0
일주일간 대구대학교 공지사항 알고 있어, 네 최근 7일간 대구대학교 공지사항 입니다. D7 ,0
일주일간 있어 대구대학교 공지사항 알고, 네 최근 7일간 대구대학교 공지사항 입니다. D7 ,0
일주일간 대구대학교 공지사항 알고 있어, 네 최근 7일간 대구대학교 공지사항 입니다. D7 ,0
일주일내에 대구대학교 공지사항 알고 있어, 네 최근 7일간 대구대학교 공지사항 입니다. D7 ,0
있어 일주일내에 대구대학교 알고 공지사항, 네 최근 7일간 대구대학교 공지사항 입니다. D7 ,0
일주일내에 대구대학교 공지사항 알고 있어, 네 최근 7일간 대구대학교 공지사항 입니다. D7 ,0
대구대학교 공지사항 1주내에, 네 최근 1주내에 대구대학교 공지사항 입니다. D7 ,0
1주내에 대구대학교 공지사항, 네 최근 1주내에 대구대학교 공지사항 입니다. D7 ,0
1주내에 대구대학교 공지사항, 네 최근 1주내에 대구대학교 공지사항 입니다. D7 ,0
보여줘 공지사항을 대구대학교 1주일치, 네 1주간 대구대학교 공지사항 입니다. D7 ,0
대구대학교 공지사항을 1주일치 보여줘, 네 1주간 대구대학교 공지사항 입니다. D7 ,0
대구대학교 공지사항을 1주일치 보여줘, 네 1주간 대구대학교 공지사항 입니다. D7 ,0
대구대학교 공지사항 보여줘, 네 1주간 대구대학교 공지사항 입니다. D7 ,0
대구대학교 공지사항 보여줘, 네 1주간 대구대학교 공지사항 입니다. D7 ,0
대구대학교 공지사항 보여줘, 네 1주간 대구대학교 공지사항 입니다. D7 ,0
금일 대구대학교 공지사항 알고 있어, 네 오늘 대구대학교 공지사항 입니다. D0 ,0
오늘 대구대학교 알고 공지사항 있어, 네 오늘 대구대학교 공지사항 입니다. D0 ,0
오늘 대구대학교 공지사항 알고 있어, 네 오늘 대구대학교 공지사항 입니다. D0 ,0
오늘 공지사항 알려줘, 네 오늘 대구대학교 공지사항 입니다. D0 ,0
공지사항 알려줘 오늘, 네 오늘 대구대학교 공지사항 입니다. D0 ,0
오늘 공지사항 알려줘, 네 오늘 대구대학교 공지사항 입니다. D0 ,0
금일 대구대학교 공지 알려줘, 네 오늘 대구대학교 공지사항 입니다. D0 ,0
오늘 대구대학교 공지 알려줘, 네 오늘 대구대학교 공지사항 입니다. D0 ,0
오늘  대구대학교 공지 알려줘, 네 오늘 대구대학교 공지사항 입니다. D0 ,0
대구대학교 오늘 공지사항, 네 오늘 대구대학교 공지사항 입니다. D0 ,0
금일 대구대학교 공지사항, 네 오늘 대구대학교 공지사항 입니다. D0 ,0
오늘 대구대학교 공지사항, 네 오늘 대구대학교 공지사항 입니다. D0 ,0
대구대학교 공지 오늘, 네 오늘 대구대학교 공지사항 입니다. D0 ,0
금일 대구대학교 공지, 네 오늘 대구대학교 공지사항 입니다. D0 ,0
오늘 대구대학교 공지, 네 오늘 대구대학교 공지사항 입니다. D0 ,0
알려줘 오늘 공지사항, 네 오늘 대구대학교 공지사항 입니다. D0 ,0
금일 공지사항 알려줘, 네 오늘 대구대학교 공지사항 입니다. D0 ,0
오늘 공지사항 알려줘, 네 오늘 대구대학교 공지사항 입니다. D0 ,0
오늘 대구대학교 공지사항 알고 있어, 네 오늘 대구대학교 공지사항 입니다. D0 ,0
대구대학교 알고 공지사항 있어 오늘, 네 오늘 대구대학교 공지사항 입니다. D0 ,0
오늘 대구대학교 공지사항 알고 있어, 네 오늘 대구대학교 공지사항 입니다. D0 ,0
오늘 대구대학교 공지사항 알고 있니, 네 오늘 대구대학교 공지사항 입니다. D0 ,0
오늘 알고 대구대학교 있니 공지사항, 네 오늘 대구대학교 공지사항 입니다. D0 ,0
오늘 대구대학교 공지사항 알고 있니, 네 오늘 대구대학교 공지사항 입니다. D0 ,0
알고 대구대학교 있어 공지사항 어제, 네 어제 대구대학교 공지사항 입니다. D-1 ,0
어제 대구대학교 공지사항 알고 있어, 네 어제 대구대학교 공지사항 입니다. D-1 ,0
어제 대구대학교 공지사항 알고 있어, 네 어제 대구대학교 공지사항 입니다. D-1 ,0
공지사항 알려줘 어제, 네 어제 대구대학교 공지사항 입니다. D-1 ,0
어제 공지사항 알려줘, 네 어제 대구대학교 공지사항 입니다. D-1 ,0
어제 공지사항 알려줘, 네 어제 대구대학교 공지사항 입니다. D-1 ,0
어제 대구대학교 공지 알려줘, 네 어제 대구대학교 공지사항 입니다. D-1 ,0
어제 대구대학교 공지 알려줘, 네 어제 대구대학교 공지사항 입니다. D-1 ,0
어제 대구대학교 공지 알려줘, 네 어제 대구대학교 공지사항 입니다. D-1 ,0
어제 대구대학교 공지사항, 네 어제 대구대학교 공지사항 입니다. D-1 ,0
공지사항 어제 대구대학교, 네 어제 대구대학교 공지사항 입니다. D-1 ,0
어제 대구대학교 공지사항, 네 어제 대구대학교 공지사항 입니다. D-1 ,0
공지 어제 대구대학교, 네 어제 대구대학교 공지사항 입니다. D-1 ,0
어제 대구대학교 공지, 네 어제 대구대학교 공지사항 입니다. D-1 ,0
어제 대구대학교 공지, 네 어제 대구대학교 공지사항 입니다. D-1 ,0
알려줘 어제 공지사항, 네 어제 대구대학교 공지사항 입니다. D-1 ,0
어제 공지사항 알려줘, 네 어제 대구대학교 공지사항 입니다. D-1 ,0
어제 공지사항 알려줘, 네 어제 대구대학교 공지사항 입니다. D-1 ,0
대구대학교 알고 공지사항 있어 어제, 네 어제 대구대학교 공지사항 입니다. D-1 ,0
어제 대구대학교 공지사항 알고 있어, 네 어제 대구대학교 공지사항 입니다. D-1 ,0
어제 대구대학교 공지사항 알고 있어, 네 어제 대구대학교 공지사항 입니다. D-1 ,0
어제 대구대학교 공지사항 알고 있니, 네 어제 대구대학교 공지사항 입니다. D-1 ,0
대구대학교 어제 알고 있니 공지사항, 네 어제 대구대학교 공지사항 입니다. D-1 ,0
어제 대구대학교 공지사항 알고 있니, 네 어제 대구대학교 공지사항 입니다. D-1 ,0
10일간 대구대학교 공지사항 알고 있어, 네 10일간 대구대학교 공지사항 입니다. D10 ,0
알고 대구대학교 공지사항 10일간 있어, 네 10일간 대구대학교 공지사항 입니다. D10 ,0
10일간 대구대학교 공지사항 알고 있어, 네 10일간 대구대학교 공지사항 입니다. D10 ,0
10일동안 공지사항 알려줘, 네 10일동안 대구대학교 공지사항 입니다. D10 ,0
10일동안 공지사항 알려줘, 네 10일동안 대구대학교 공지사항 입니다. D10 ,0
10일동안 공지사항 알려줘, 네 10일동안 대구대학교 공지사항 입니다. D10 ,0
알려줘 공지 대구대학교 10일간, 네 10일간 대구대학교 공지사항 입니다. D10 ,0
10일간 대구대학교 공지 알려줘, 네 10일간 대구대학교 공지사항 입니다. D10 ,0
10일간 대구대학교 공지 알려줘, 네 10일간 대구대학교 공지사항 입니다. D10 ,0
대구대학교 공지사항 10일간, 네 10일간 대구대학교 공지사항 입니다. D10 ,0
10일간 대구대학교 공지사항, 네 10일간 대구대학교 공지사항 입니다. D10 ,0
10일간 대구대학교 공지사항, 네 10일간 대구대학교 공지사항 입니다. D10 ,0
10일간 공지 대구대학교, 네 10일간  대구대학교 공지사항 입니다. D10 ,0
10일간 대구대학교 공지, 네 10일간  대구대학교 공지사항 입니다. D10 ,0
10일간 대구대학교 공지, 네 10일간  대구대학교 공지사항 입니다. D10 ,0
공지사항 알려줘 10일간, 네 10일간 대구대학교 공지사항 입니다. D10 ,0
10일간 공지사항 알려줘, 네 10일간 대구대학교 공지사항 입니다. D10 ,0
10일간 공지사항 알려줘, 네 10일간 대구대학교 공지사항 입니다. D10 ,0
있어 10일간 알고 공지사항 대구대학교, 네 10일간 대구대학교 공지사항 입니다. D10 ,0
10일간 대구대학교 공지사항 알고 있어, 네 10일간 대구대학교 공지사항 입니다. D10 ,0
10일간 대구대학교 공지사항 알고 있어, 네 10일간 대구대학교 공지사항 입니다. D10 ,0
알려줘 10일치 공지사항, 네 10일간 대구대학교 공지사항 입니다. D10 ,0
10일치 공지사항 알려줘, 네 10일간 대구대학교 공지사항 입니다. D10 ,0
10일치 공지사항 알려줘, 네 10일간 대구대학교 공지사항 입니다. D10 ,0
10일치 대구대학교 공지사항 알고 있어, 네 10일치 대구대학교 공지사항 입니다. D10 ,0
10일치 있어 공지사항 알고 대구대학교, 네 10일치 대구대학교 공지사항 입니다. D10 ,0
10일치 대구대학교 공지사항 알고 있어, 네 10일치 대구대학교 공지사항 입니다. D10 ,0
있어 대구대학교 공지사항 알고 열흘치, 네 열흘치 대구대학교 공지사항 입니다. D10 ,0
열흘치 대구대학교 공지사항 알고 있어, 네 열흘치 대구대학교 공지사항 입니다. D10 ,0
열흘치 대구대학교 공지사항 알고 있어, 네 열흘치 대구대학교 공지사항 입니다. D10 ,0
대구대학교 알고 2주간 공지사항 있어, 네 2주간 대구대학교 공지사항 입니다. D14 ,0
2주간 대구대학교 공지사항 알고 있어, 네 2주간 대구대학교 공지사항 입니다. D14 ,0
2주간 대구대학교 공지사항 알고 있어, 네 2주간 대구대학교 공지사항 입니다. D14 ,0
2주간 공지사항 알려줘, 네 2주간 대구대학교 공지사항 입니다. D14 ,0
공지사항 알려줘 2주간, 네 2주간 대구대학교 공지사항 입니다. D14 ,0
2주간 공지사항 알려줘, 네 2주간 대구대학교 공지사항 입니다. D14 ,0
2주동안 대구대학교 공지 알려줘, 네 2주간 대구대학교 공지사항 입니다. D14 ,0
2주동안 대구대학교 공지 알려줘, 네 2주간 대구대학교 공지사항 입니다. D14 ,0
2주동안 대구대학교 공지 알려줘, 네 2주간 대구대학교 공지사항 입니다. D14 ,0
2주간 대구대학교 공지사항, 네 2주간 대구대학교 공지사항 입니다. D14 ,0
2주간 대구대학교 공지사항, 네 2주간 대구대학교 공지사항 입니다. D14 ,0
2주간 대구대학교 공지사항, 네 2주간 대구대학교 공지사항 입니다. D14 ,0
2주동안 대구대학교 공지, 네 2주간 대구대학교 공지사항 입니다. D14 ,0
대구대학교 2주동안 공지, 네 2주간 대구대학교 공지사항 입니다. D14 ,0
2주동안 대구대학교 공지, 네 2주간 대구대학교 공지사항 입니다. D14 ,0
알려줘 2주간 공지사항, 네 2주간 대구대학교 공지사항 입니다. D14 ,0
2주간 공지사항 알려줘, 네 2주간 대구대학교 공지사항 입니다. D14 ,0
2주간 공지사항 알려줘, 네 2주간 대구대학교 공지사항 입니다. D14 ,0
2주동안 대구대학교 공지사항 알고 있어, 네 2주간 대구대학교 공지사항 입니다. D14 ,0
알고 공지사항 2주동안 대구대학교 있어, 네 2주간 대구대학교 공지사항 입니다. D14 ,0
2주동안 대구대학교 공지사항 알고 있어, 네 2주간 대구대학교 공지사항 입니다. D14 ,0
공지사항 알려줘 2주내에, 네 2주간 대구대학교 공지사항 입니다. D14 ,0
2주내에 공지사항 알려줘, 네 2주간 대구대학교 공지사항 입니다. D14 ,0
2주내에 공지사항 알려줘, 네 2주간 대구대학교 공지사항 입니다. D14 ,0
2주치 대구대학교 공지사항 알고 있어, 네 2주치 대구대학교 공지사항 입니다. D14 ,0
대구대학교 있어 공지사항 2주치 알고, 네 2주치 대구대학교 공지사항 입니다. D14 ,0
2주치 대구대학교 공지사항 알고 있어, 네 2주치 대구대학교 공지사항 입니다. D14 ,0
최근 7일내 AI학부 공지사항 알고 있어, 네 최근 7일간 AI학부 공지사항 입니다. DA7 ,1
7일내 최근 AI학부 알고 공지사항 있어, 네 최근 7일간 AI학부 공지사항 입니다. DA7 ,1
최근 7일내 AI학부 공지사항 알고 있어, 네 최근 7일간 AI학부 공지사항 입니다. DA7 ,1
최근 7일내 AI학부 공지사항 알려줘,네 최근 7일간 AI학부 공지사항 입니다. DA7 ,1
알려줘 7일내 AI학부 공지사항 최근,네 최근 7일간 AI학부 공지사항 입니다. DA7 ,1
최근 7일내 AI학부 공지사항 알려줘 ,네 최근 7일간 AI학부 공지사항 입니다. DA7 ,1
최근 7일내에 AI학부 공지 알려줘, 네 최근 7일간 AI학부 공지사항 입니다. DA7 ,1
최근 7일내에 AI학부 알려줘 공지, 네 최근 7일간 AI학부 공지사항 입니다. DA7 ,1
최근 7일내에  AI학부 공지 알려줘, 네 최근 7일간 AI학부 공지사항 입니다. DA7 ,1
최근 7일내 AI학부 공지사항, 네 최근 7일간 AI학부 공지사항 입니다. DA7 ,1
7일내 AI학부 최근 공지사항, 네 최근 7일간 AI학부 공지사항 입니다. DA7 ,1
최근 7일내 AI학부 공지사항, 네 최근 7일간 AI학부 공지사항 입니다. DA7 ,1
AI학부 최근 7일내 공지, 네 최근 7일간 AI학부 공지사항 입니다. DA7 ,1
최근 7일내 AI학부 공지, 네 최근 7일간 AI학부 공지사항 입니다. DA7 ,1
최근 7일내 AI학부 공지, 네 최근 7일간 AI학부 공지사항 입니다. DA7 ,1
일주일간 공지 알려줘 AI학부, 네 최근 7일간 AI학부 공지사항 입니다. DA7 ,1
일주일간 AI학부 공지 알려줘, 네 최근 7일간 AI학부 공지사항 입니다. DA7 ,1
일주일간 AI학부 공지 알려줘, 네 최근 7일간 AI학부 공지사항 입니다. DA7 ,1
일주일간 AI학부 공지사항 알려줘, 네 최근 7일간 AI학부 공지사항 입니다. DA7 ,1
일주일간 알려줘 AI학부 공지사항, 네 최근 7일간 AI학부 공지사항 입니다. DA7 ,1
일주일간 AI학부 공지사항 알려줘, 네 최근 7일간 AI학부 공지사항 입니다. DA7 ,1
일주일간 AI학부 공지사항 알고 있어, 네 최근 7일간 AI학부 공지사항 입니다. DA7 ,1
AI학부 있어 일주일간 알고 공지사항, 네 최근 7일간 AI학부 공지사항 입니다. DA7 ,1
일주일간 AI학부 공지사항 알고 있어, 네 최근 7일간 AI학부 공지사항 입니다. DA7 ,1
공지사항 알고 일주일내에 있어 AI학부, 네 최근 7일간 AI학부 공지사항 입니다. DA7 ,1
일주일내에 AI학부 공지사항 알고 있어, 네 최근 7일간 AI학부 공지사항 입니다. DA7 ,1
일주일내에 AI학부 공지사항 알고 있어, 네 최근 7일간 AI학부 공지사항 입니다. DA7 ,1
1주내에 AI학부 공지사항, 네 최근 1주내에 AI학부 공지사항 입니다. DA7 ,1
1주내에 AI학부 공지사항, 네 최근 1주내에 AI학부 공지사항 입니다. DA7 ,1
1주내에 AI학부 공지사항, 네 최근 1주내에 AI학부 공지사항 입니다. DA7 ,1
1주일치 보여줘 AI학부 공지사항을, 네 1주간 AI학부 공지사항 입니다. DA7 ,1
AI학부 공지사항을 1주일치 보여줘, 네 1주간 AI학부 공지사항 입니다. DA7 ,1
AI학부 공지사항을 1주일치 보여줘, 네 1주간 AI학부 공지사항 입니다. DA7 ,1
AI학부 공지사항 보여줘, 네 1주간 AI학부 공지사항 입니다. DA7 ,1
AI학부 공지사항 보여줘, 네 1주간 AI학부 공지사항 입니다. DA7 ,1
AI학부 공지사항 보여줘, 네 1주간 AI학부 공지사항 입니다. DA7 ,1
금일 AI학부 공지사항 알고 있어, 네 오늘 AI학부 공지사항 입니다. DA0 ,1
있어 AI학부 공지사항 알고 오늘, 네 오늘 AI학부 공지사항 입니다. DA0 ,1
오늘 AI학부 공지사항 알고 있어, 네 오늘 AI학부 공지사항 입니다. DA0 ,1
오늘 AI학부 공지사항 알려줘, 네 오늘 AI학부 공지사항 입니다. DA0 ,1
오늘 알려줘 공지사항 AI학부, 네 오늘 AI학부 공지사항 입니다. DA0 ,1
오늘 AI학부 공지사항 알려줘, 네 오늘 AI학부 공지사항 입니다. DA0 ,1
공지 오늘 AI학부 알려줘, 네 오늘 AI학부 공지사항 입니다. DA0 ,1
금일 AI학부 공지 알려줘, 네 오늘 AI학부 공지사항 입니다. DA0 ,1
오늘  AI학부 공지 알려줘, 네 오늘 AI학부 공지사항 입니다. DA0 ,1
금일 AI학부 공지사항, 네 오늘 AI학부 공지사항 입니다. DA0 ,1
공지사항 오늘 AI학부, 네 오늘 AI학부 공지사항 입니다. DA0 ,1
오늘 AI학부 공지사항, 네 오늘 AI학부 공지사항 입니다. DA0 ,1
금일 AI학부 공지, 네 오늘 AI학부 공지사항 입니다. DA0 ,1
AI학부 공지 오늘, 네 오늘 AI학부 공지사항 입니다. DA0 ,1
오늘 AI학부 공지, 네 오늘 AI학부 공지사항 입니다. DA0 ,1
AI학부 공지사항 오늘 알려줘, 네 오늘 AI학부 공지사항 입니다. DA0 ,1
오늘 AI학부 공지사항 알려줘, 네 오늘 AI학부 공지사항 입니다. DA0 ,1
오늘 AI학부 공지사항 알려줘, 네 오늘 AI학부 공지사항 입니다. DA0 ,1
오늘 AI학부 공지사항 알고 있어, 네 오늘 AI학부 공지사항 입니다. DA0 ,1
있어 오늘 AI학부 알고 공지사항, 네 오늘 AI학부 공지사항 입니다. DA0 ,1
오늘 AI학부 공지사항 알고 있어, 네 오늘 AI학부 공지사항 입니다. DA0 ,1
공지사항 알고 AI학부 오늘 있니, 네 오늘 AI학부 공지사항 입니다. DA0 ,1
금일 AI학부 공지사항 알고 있니, 네 오늘 AI학부 공지사항 입니다. DA0 ,1
오늘 AI학부 공지사항 알고 있니, 네 오늘 AI학부 공지사항 입니다. DA0 ,1
있어 AI학부 알고 어제 공지사항, 네 어제 AI학부 공지사항 입니다. DA-1 ,1
어제 AI학부 공지사항 알고 있어, 네 어제 AI학부 공지사항 입니다. DA-1 ,1
어제 AI학부 공지사항 알고 있어, 네 어제 AI학부 공지사항 입니다. DA-1 ,1
알려줘 어제 공지사항 AI학부, 네 어제 AI학부 공지사항 입니다. DA-1 ,1
어제 AI학부 공지사항 알려줘, 네 어제 AI학부 공지사항 입니다. DA-1 ,1
어제 AI학부 공지사항 알려줘, 네 어제 AI학부 공지사항 입니다. DA-1 ,1
어제 AI학부 공지 알려줘, 네 어제 AI학부 공지사항 입니다. DA-1 ,1
어제 AI학부 공지 알려줘, 네 어제 AI학부 공지사항 입니다. DA-1 ,1
어제 AI학부 공지 알려줘, 네 어제 AI학부 공지사항 입니다. DA-1 ,1
어제 AI학부 공지사항, 네 어제 AI학부 공지사항 입니다. DA-1 ,1
어제 AI학부 공지사항, 네 어제 AI학부 공지사항 입니다. DA-1 ,1
어제 AI학부 공지사항, 네 어제 AI학부 공지사항 입니다. DA-1 ,1
어제 AI학부 공지, 네 어제 AI학부 공지사항 입니다. DA-1 ,1
공지 어제 AI학부, 네 어제 AI학부 공지사항 입니다. DA-1 ,1
어제 AI학부 공지, 네 어제 AI학부 공지사항 입니다. DA-1 ,1
AI학부공지사항 알려줘 어제, 네 어제 AI학부 공지사항 입니다. DA-1 ,1
어제 AI학부공지사항 알려줘, 네 어제 AI학부 공지사항 입니다. DA-1 ,1
어제 AI학부공지사항 알려줘, 네 어제 AI학부 공지사항 입니다. DA-1 ,1
학부공지사항 어제 있어 알고 AI, 네 어제 AI학부 공지사항 입니다. DA-1 ,1
어제 AI 학부공지사항 알고 있어, 네 어제 AI학부 공지사항 입니다. DA-1 ,1
어제 AI 학부공지사항 알고 있어, 네 어제 AI학부 공지사항 입니다. DA-1 ,1
학부공지사항 알고 어제 있니 AI, 네 어제 AI학부 공지사항 입니다. DA-1 ,1
어제 AI 학부공지사항 알고 있니, 네 어제 AI학부 공지사항 입니다. DA-1 ,1
어제 AI 학부공지사항 알고 있니, 네 어제 AI학부 공지사항 입니다. DA-1 ,1
10일간 알고 공지사항 AI학부 있어, 네 10일간 AI 학부 공지사항 입니다. DA10 ,1
10일간 AI학부 공지사항 알고 있어, 네 10일간 AI 학부 공지사항 입니다. DA10 ,1
10일간 AI학부 공지사항 알고 있어, 네 10일간 AI 학부 공지사항 입니다. DA10 ,1
공지사항 10일동안 AI학부 알려줘, 네 10일동안 AI 학부 공지사항 입니다. DA10 ,1
10일동안 AI학부 공지사항 알려줘, 네 10일동안 AI 학부 공지사항 입니다. DA10 ,1
10일동안 AI학부 공지사항 알려줘, 네 10일동안 AI 학부 공지사항 입니다. DA10 ,1
AI학부 공지 10일간 알려줘, 네 10일간 AI 학부 공지사항 입니다. DA10 ,1
10일간 AI학부 공지 알려줘, 네 10일간 AI 학부 공지사항 입니다. DA10 ,1
10일간 AI학부 공지 알려줘, 네 10일간 AI 학부 공지사항 입니다. DA10 ,1
AI학부 공지사항 10일간, 네 10일간 AI 학부 공지사항 입니다. DA10 ,1
10일간 AI학부 공지사항, 네 10일간 AI 학부 공지사항 입니다. DA10 ,1
10일간 AI학부 공지사항, 네 10일간 AI 학부 공지사항 입니다. DA10 ,1
AI학부 공지 10일간, 네 10일간  AI 학부 공지사항 입니다. DA10 ,1
10일간 AI학부 공지, 네 10일간  AI 학부 공지사항 입니다. DA10 ,1
10일간 AI학부 공지, 네 10일간  AI 학부 공지사항 입니다. DA10 ,1
10일간 AI학부 공지사항 알려줘, 네 10일간 AI 학부 공지사항 입니다. DA10 ,1
공지사항 알려줘 10일간 AI학부, 네 10일간 AI 학부 공지사항 입니다. DA10 ,1
10일간 AI학부 공지사항 알려줘, 네 10일간 AI 학부 공지사항 입니다. DA10 ,1
있어 AI학부 공지사항 알고 10일간, 네 10일간 AI 학부 공지사항 입니다. DA10 ,1
10일간 AI학부 공지사항 알고 있어, 네 10일간 AI 학부 공지사항 입니다. DA10 ,1
10일간 AI학부 공지사항 알고 있어, 네 10일간 AI 학부 공지사항 입니다. DA10 ,1
10일치 AI학부 공지사항 알려줘, 네 10일간 AI 학부 공지사항 입니다. DA10 ,1
AI학부 10일치 알려줘 공지사항, 네 10일간 AI 학부 공지사항 입니다. DA10 ,1
10일치 AI학부 공지사항 알려줘, 네 10일간 AI 학부 공지사항 입니다. DA10 ,1
10일치 AI학부 공지사항 알고 있어, 네 10일치 AI 학부 공지사항 입니다. DA10 ,1
알고 공지사항 10일치 AI학부 있어, 네 10일치 AI 학부 공지사항 입니다. DA10 ,1
10일치 AI학부 공지사항 알고 있어, 네 10일치 AI 학부 공지사항 입니다. DA10 ,1
열흘치 AI학부 공지사항 알고 있어, 네 열흘치 AI 학부 공지사항 입니다. DA10 ,1
있어 AI학부 열흘치 공지사항 알고, 네 열흘치 AI 학부 공지사항 입니다. DA10 ,1
열흘치 AI학부 공지사항 알고 있어, 네 열흘치 AI 학부 공지사항 입니다. DA10 ,1
2주간 AI학부 공지사항 알고 있어, 네 2주간 AI학부 공지사항 입니다. DA14 ,1
알고 AI학부 2주간 있어 공지사항, 네 2주간 AI학부 공지사항 입니다. DA14 ,1
2주간 AI학부 공지사항 알고 있어, 네 2주간 AI학부 공지사항 입니다. DA14 ,1
2주간 AI학부 공지사항 알려줘, 네 2주간 AI학부 공지사항 입니다. DA14 ,1
알려줘 공지사항 AI학부 2주간, 네 2주간 AI학부 공지사항 입니다. DA14 ,1
2주간 AI학부 공지사항 알려줘, 네 2주간 AI학부 공지사항 입니다. DA14 ,1
알려줘 AI학부 2주동안 공지, 네 2주간 AI학부 공지사항 입니다. DA14 ,1
2주동안 AI학부 공지 알려줘, 네 2주간 AI학부 공지사항 입니다. DA14 ,1
2주동안 AI학부 공지 알려줘, 네 2주간 AI학부 공지사항 입니다. DA14 ,1
2주간 AI학부 공지사항, 네 2주간 AI 학부 공지사항 입니다. DA14 ,1
AI학부 공지사항 2주간, 네 2주간 AI 학부 공지사항 입니다. DA14 ,1
2주간 AI학부 공지사항, 네 2주간 AI 학부 공지사항 입니다. DA14 ,1
AI학부 공지 2주동안, 네 2주간 AI학부 공지사항 입니다. DA14 ,1
2주동안 AI학부 공지, 네 2주간 AI학부 공지사항 입니다. DA14 ,1
2주동안 AI학부 공지, 네 2주간 AI학부 공지사항 입니다. DA14 ,1
2주동안 AI학부 공지사항 알고 있어, 네 2주간 AI학부 공지사항 입니다. DA14 ,1
있어 AI학부 알고 2주동안 공지사항, 네 2주간 AI학부 공지사항 입니다. DA14 ,1
2주동안 AI학부 공지사항 알고 있어, 네 2주간 AI학부 공지사항 입니다. DA14 ,1
2주내에 AI학부 공지사항 알려줘, 네 2주간 AI학부 공지사항 입니다. DA14 ,1
알려줘 2주내에 공지사항 AI학부, 네 2주간 AI학부 공지사항 입니다. DA14 ,1
2주내에 AI학부 공지사항 알려줘, 네 2주간 AI학부 공지사항 입니다. DA14 ,1
2주치 AI 학부 공지사항 알고 있어, 네 2주간 AI학부 공지사항 입니다. DA14 ,1
있어 AI 2주치 알고 학부 공지사항, 네 2주간 AI학부 공지사항 입니다. DA14 ,1
2주치 AI 학부 공지사항 알고 있어, 네 2주간 AI학부 공지사항 입니다. DA14 ,1
대구대학교 공지 오늘, 네 오늘 대구대학교 공지사항입니다. D1,0
오늘 대구대학교 공지, 네 오늘 대구대학교 공지사항입니다. D1,0
오늘 대구대학교 공지, 네 오늘 대구대학교 공지사항입니다. D1,0
오늘 대구대학교 공지사항 내놔, 네 오늘 대구대학교 공지사항입니다. D1,0
공지사항 오늘 대구대학교 내놔, 네 오늘 대구대학교 공지사항입니다. D1,0
오늘 대구대학교 공지사항 내놔, 네 오늘 대구대학교 공지사항입니다. D1,0
금일 대구대학교 공지사항 보여줘, 네 오늘 대구대학교 공지사항입니다. D1,0
오늘 대구대학교 공지사항 보여줘, 네 오늘 대구대학교 공지사항입니다. D1,0
오늘 대구대학교 공지사항 보여줘, 네 오늘 대구대학교 공지사항입니다. D1,0
오늘 대구대학교 공지사항 보여줘봐, 네 오늘 대구대학교 공지사항입니다. D1,0
오늘 공지사항 보여줘봐 대구대학교, 네 오늘 대구대학교 공지사항입니다. D1,0
오늘 대구대학교 공지사항 보여줘봐, 네 오늘 대구대학교 공지사항입니다. D1,0
금일 대구대학교 공지사항 보여주세요, 네 오늘 대구대학교 공지사항입니다. D1,0
공지사항 오늘 대구대학교 보여주세요, 네 오늘 대구대학교 공지사항입니다. D1,0
오늘 대구대학교 공지사항 보여주세요, 네 오늘 대구대학교 공지사항입니다. D1,0
오늘 대구대학교 공지사항 알려줘, 네 오늘 대구대학교 공지사항입니다. D1,0
알려줘 대구대학교 오늘 공지사항, 네 오늘 대구대학교 공지사항입니다. D1,0
오늘 대구대학교 공지사항 알려줘, 네 오늘 대구대학교 공지사항입니다. D1,0
금일 대구대학교 공지사항 알려주세요, 네 오늘 대구대학교 공지사항입니다. D1,0
알려주세요 대구대학교 오늘 공지사항, 네 오늘 대구대학교 공지사항입니다. D1,0
오늘 대구대학교 공지사항 알려주세요, 네 오늘 대구대학교 공지사항입니다. D1,0
오늘 대구대학교 공지사항 말해, 네 오늘 대구대학교 공지사항입니다. D1,0
말해 대구대학교 오늘 공지사항, 네 오늘 대구대학교 공지사항입니다. D1,0
오늘 대구대학교 공지사항 말해, 네 오늘 대구대학교 공지사항입니다. D1,0
오늘 대구대학교 공지사항 뭐냐, 네 오늘 대구대학교 공지사항입니다. D1,0
대구대학교 오늘 뭐냐 공지사항, 네 오늘 대구대학교 공지사항입니다. D1,0
오늘 대구대학교 공지사항 뭐냐, 네 오늘 대구대학교 공지사항입니다. D1,0
금일 대구대학교 공지사항 머냐, 네 오늘 대구대학교 공지사항입니다. D1,0
대구대학교 공지사항 오늘 머냐, 네 오늘 대구대학교 공지사항입니다. D1,0
오늘 대구대학교 공지사항 머냐, 네 오늘 대구대학교 공지사항입니다. D1,0
오늘 대구대학교 공지사항 뭐있음, 네 오늘 대구대학교 공지사항입니다. D1,0
오늘 대구대학교 공지사항 뭐있음, 네 오늘 대구대학교 공지사항입니다. D1,0
오늘 대구대학교 공지사항 뭐있음, 네 오늘 대구대학교 공지사항입니다. D1,0
머있음 공지사항 대구대학교 오늘, 네 오늘 대구대학교 공지사항입니다. D1,0
오늘 대구대학교 공지사항 머있음, 네 오늘 대구대학교 공지사항입니다. D1,0
오늘 대구대학교 공지사항 머있음, 네 오늘 대구대학교 공지사항입니다. D1,0
뭐있냐 오늘 공지사항 대구대학교, 네 오늘 대구대학교 공지사항입니다. D1,0
금일 대구대학교 공지사항 뭐있냐, 네 오늘 대구대학교 공지사항입니다. D1,0
오늘 대구대학교 공지사항 뭐있냐, 네 오늘 대구대학교 공지사항입니다. D1,0
머있냐 공지사항 대구대학교 오늘, 네 오늘 대구대학교 공지사항입니다. D1,0
금일 대구대학교 공지사항 머있냐, 네 오늘 대구대학교 공지사항입니다. D1,0
오늘 대구대학교 공지사항 머있냐, 네 오늘 대구대학교 공지사항입니다. D1,0
공지사항 아냐 오늘 대구대학교, 네 오늘 대구대학교 공지사항입니다. D1,0
금일 대구대학교 공지사항 아냐, 네 오늘 대구대학교 공지사항입니다. D1,0
오늘 대구대학교 공지사항 아냐, 네 오늘 대구대학교 공지사항입니다. D1,0
오늘 대구대학교 공지사항 알고있어, 네 오늘 대구대학교 공지사항입니다. D1,0
대구대학교 공지사항 오늘 알고있어, 네 오늘 대구대학교 공지사항입니다. D1,0
오늘 대구대학교 공지사항 알고있어, 네 오늘 대구대학교 공지사항입니다. D1,0
오늘 대구대 공지, 네 오늘 대구대학교 공지사항입니다. D1,0
금일 대구대학교 공지, 네 오늘 대구대학교 공지사항입니다. D1,0
오늘 대구대 공지, 네 오늘 대구대학교 공지사항입니다. D1,0
공지사항 내놔 오늘 대구대, 네 오늘 대구대학교 공지사항입니다. D1,0
금일 대구대학교 공지사항 내놔, 네 오늘 대구대학교 공지사항입니다. D1,0
오늘 대구대 공지사항 내놔, 네 오늘 대구대학교 공지사항입니다. D1,0
금일 머구머 공지사항 보여줘, 네 오늘 대구대학교 공지사항입니다. D1,0
대구대 공지사항 오늘 보여줘, 네 오늘 대구대학교 공지사항입니다. D1,0
오늘 대구대 공지사항 보여줘, 네 오늘 대구대학교 공지사항입니다. D1,0
오늘 공지사항 보여줘봐 대구대, 네 오늘 대구대학교 공지사항입니다. D1,0
오늘 대구대 공지사항 보여줘봐, 네 오늘 대구대학교 공지사항입니다. D1,0
오늘 대구대 공지사항 보여줘봐, 네 오늘 대구대학교 공지사항입니다. D1,0
오늘 머구머 공지사항 보여주세요, 네 오늘 대구대학교 공지사항입니다. D1,0
공지사항 보여주세요 오늘 대구대, 네 오늘 대구대학교 공지사항입니다. D1,0
오늘 대구대 공지사항 보여주세요, 네 오늘 대구대학교 공지사항입니다. D1,0
공지사항 대구대 알려줘 오늘, 네 오늘 대구대학교 공지사항입니다. D1,0
금일 대구대학교 공지사항 알려줘, 네 오늘 대구대학교 공지사항입니다. D1,0
오늘 대구대 공지사항 알려줘, 네 오늘 대구대학교 공지사항입니다. D1,0
금일 머구머 공지사항 알려주세요, 네 오늘 대구대학교 공지사항입니다. D1,0
알려주세요 대구대 공지사항 오늘, 네 오늘 대구대학교 공지사항입니다. D1,0
오늘 대구대 공지사항 알려주세요, 네 오늘 대구대학교 공지사항입니다. D1,0
오늘 공지사항 말해 대구대, 네 오늘 대구대학교 공지사항입니다. D1,0
오늘 머구머 공지사항 말해, 네 오늘 대구대학교 공지사항입니다. D1,0
오늘 대구대 공지사항 말해, 네 오늘 대구대학교 공지사항입니다. D1,0
공지사항 뭐냐 오늘 대구대, 네 오늘 대구대학교 공지사항입니다. D1,0
오늘 대구대 공지사항 뭐냐, 네 오늘 대구대학교 공지사항입니다. D1,0
오늘 대구대 공지사항 뭐냐, 네 오늘 대구대학교 공지사항입니다. D1,0
오늘 대구대학교 공지사항 머냐, 네 오늘 대구대학교 공지사항입니다. D1,0
머냐 오늘 공지사항 대구대, 네 오늘 대구대학교 공지사항입니다. D1,0
오늘 대구대 공지사항 머냐, 네 오늘 대구대학교 공지사항입니다. D1,0
오늘 머구머 공지사항 뭐있음, 네 오늘 대구대학교 공지사항입니다. D1,0
대구대 뭐있음 공지사항 오늘, 네 오늘 대구대학교 공지사항입니다. D1,0
오늘 대구대 공지사항 뭐있음, 네 오늘 대구대학교 공지사항입니다. D1,0
오늘 머구머 공지사항 머있음, 네 오늘 대구대학교 공지사항입니다. D1,0
오늘 대구대 공지사항 머있음, 네 오늘 대구대학교 공지사항입니다. D1,0
오늘 대구대 공지사항 머있음, 네 오늘 대구대학교 공지사항입니다. D1,0
오늘 뭐있냐 대구대 공지사항, 네 오늘 대구대학교 공지사항입니다. D1,0
오늘 대구대 공지사항 뭐있냐, 네 오늘 대구대학교 공지사항입니다. D1,0
오늘 대구대 공지사항 뭐있냐, 네 오늘 대구대학교 공지사항입니다. D1,0
오늘 머구머 공지사항 머있냐, 네 오늘 대구대학교 공지사항입니다. D1,0
대구대 공지사항 오늘 머있냐, 네 오늘 대구대학교 공지사항입니다. D1,0
오늘 대구대 공지사항 머있냐, 네 오늘 대구대학교 공지사항입니다. D1,0
금일 대구대 공지사항 아냐, 네 오늘 대구대학교 공지사항입니다. D1,0
오늘 아냐 대구대 공지사항, 네 오늘 대구대학교 공지사항입니다. D1,0
오늘 대구대 공지사항 아냐, 네 오늘 대구대학교 공지사항입니다. D1,0
금일 머구머 공지사항 알고있어, 네 오늘 대구대학교 공지사항입니다. D1,0
대구대 알고있어 공지사항 오늘, 네 오늘 대구대학교 공지사항입니다. D1,0
오늘 대구대 공지사항 알고있어, 네 오늘 대구대학교 공지사항입니다. D1,0
오늘 ai학부 공지, 네 오늘 AI학부 공지사항입니다. DA1,1
오늘 ai학부 공지, 네 오늘 AI학부 공지사항입니다. DA1,1
오늘 ai학부 공지, 네 오늘 AI학부 공지사항입니다. DA1,1
ai학부 오늘 내놔 공지사항, 네 오늘 AI학부 공지사항입니다. DA1,1
오늘 ai학부 공지사항 내놔, 네 오늘 AI학부 공지사항입니다. DA1,1
오늘 ai학부 공지사항 내놔, 네 오늘 AI학부 공지사항입니다. DA1,1
금일 ai학부 공지사항 보여줘, 네 오늘 AI학부 공지사항입니다. DA1,1
오늘 ai학부 공지사항 보여줘, 네 오늘 AI학부 공지사항입니다. DA1,1
오늘 ai학부 공지사항 보여줘, 네 오늘 AI학부 공지사항입니다. DA1,1
공지사항 오늘 ai학부 보여줘봐, 네 오늘 AI학부 공지사항입니다. DA1,1
오늘 ai학부 공지사항 보여줘봐, 네 오늘 AI학부 공지사항입니다. DA1,1
오늘 ai학부 공지사항 보여줘봐, 네 오늘 AI학부 공지사항입니다. DA1,1
금일 ai학부 공지사항 보여주세요, 네 오늘 AI학부 공지사항입니다. DA1,1
ai학부 공지사항 오늘 보여주세요, 네 오늘 AI학부 공지사항입니다. DA1,1
오늘 ai학부 공지사항 보여주세요, 네 오늘 AI학부 공지사항입니다. DA1,1
오늘 ai학부 공지사항 알려줘, 네 오늘 AI학부 공지사항입니다. DA1,1
오늘 ai학부 공지사항 알려줘, 네 오늘 AI학부 공지사항입니다. DA1,1
오늘 ai학부 공지사항 알려줘, 네 오늘 AI학부 공지사항입니다. DA1,1
오늘 ai학부 공지사항 알려주세요, 네 오늘 AI학부 공지사항입니다. DA1,1
오늘 ai학부 공지사항 알려주세요, 네 오늘 AI학부 공지사항입니다. DA1,1
오늘 ai학부 공지사항 알려주세요, 네 오늘 AI학부 공지사항입니다. DA1,1
금일 ai학부 공지사항 말해, 네 오늘 AI학부 공지사항입니다. DA1,1
말해 오늘 공지사항 ai학부, 네 오늘 AI학부 공지사항입니다. DA1,1
오늘 ai학부 공지사항 말해, 네 오늘 AI학부 공지사항입니다. DA1,1
금일 ai학부 공지사항 뭐냐, 네 오늘 AI학부 공지사항입니다. DA1,1
오늘 ai학부 공지사항 뭐냐, 네 오늘 AI학부 공지사항입니다. DA1,1
오늘 ai학부 공지사항 뭐냐, 네 오늘 AI학부 공지사항입니다. DA1,1
오늘 ai학부 공지사항 머냐, 네 오늘 AI학부 공지사항입니다. DA1,1
오늘 머냐 ai학부 공지사항, 네 오늘 AI학부 공지사항입니다. DA1,1
오늘 ai학부 공지사항 머냐, 네 오늘 AI학부 공지사항입니다. DA1,1
공지사항 ai학부 뭐있음 오늘, 네 오늘 AI학부 공지사항입니다. DA1,1
오늘 ai학부 공지사항 뭐있음, 네 오늘 AI학부 공지사항입니다. DA1,1
오늘 ai학부 공지사항 뭐있음, 네 오늘 AI학부 공지사항입니다. DA1,1
공지사항 ai학부 머있음 오늘, 네 오늘 AI학부 공지사항입니다. DA1,1
금일 ai학부 공지사항 머있음, 네 오늘 AI학부 공지사항입니다. DA1,1
오늘 ai학부 공지사항 머있음, 네 오늘 AI학부 공지사항입니다. DA1,1
공지사항 오늘 ai학부 뭐있냐, 네 오늘 AI학부 공지사항입니다. DA1,1
금일 ai학부 공지사항 뭐있냐, 네 오늘 AI학부 공지사항입니다. DA1,1
오늘 ai학부 공지사항 뭐있냐, 네 오늘 AI학부 공지사항입니다. DA1,1
공지사항 머있냐 오늘 ai학부, 네 오늘 AI학부 공지사항입니다. DA1,1
금일 ai학부 공지사항 머있냐, 네 오늘 AI학부 공지사항입니다. DA1,1
오늘 ai학부 공지사항 머있냐, 네 오늘 AI학부 공지사항입니다. DA1,1
아냐 ai학부 오늘 공지사항, 네 오늘 AI학부 공지사항입니다. DA1,1
오늘 ai학부 공지사항 아냐, 네 오늘 AI학부 공지사항입니다. DA1,1
오늘 ai학부 공지사항 아냐, 네 오늘 AI학부 공지사항입니다. DA1,1
오늘 알고있어 ai학부 공지사항, 네 오늘 AI학부 공지사항입니다. DA1,1
오늘 ai학부 공지사항 알고있어, 네 오늘 AI학부 공지사항입니다. DA1,1
오늘 ai학부 공지사항 알고있어, 네 오늘 AI학부 공지사항입니다. DA1,1
공지 7일내 대구대학교, 네 7일내 대구대학교 공지사항입니다. D7,0
7일내 대구대학교 공지, 네 7일내 대구대학교 공지사항입니다. D7,0
7일내 대구대학교 공지, 네 7일내 대구대학교 공지사항입니다. D7,0
대구대학교 공지사항 7일내 내놔, 네 7일내 대구대학교 공지사항입니다. D7,0
7일내 대구대학교 공지사항 내놔, 네 7일내 대구대학교 공지사항입니다. D7,0
7일내 대구대학교 공지사항 내놔, 네 7일내 대구대학교 공지사항입니다. D7,0
7일내 대구대학교 공지사항 보여줘, 네 7일내 대구대학교 공지사항입니다. D7,0
7일내 대구대학교 공지사항 보여줘, 네 7일내 대구대학교 공지사항입니다. D7,0
7일내 대구대학교 공지사항 보여줘, 네 7일내 대구대학교 공지사항입니다. D7,0
보여줘봐 대구대학교 7일내 공지사항, 네 7일내 대구대학교 공지사항입니다. D7,0
7일내 대구대학교 공지사항 보여줘봐, 네 7일내 대구대학교 공지사항입니다. D7,0
7일내 대구대학교 공지사항 보여줘봐, 네 7일내 대구대학교 공지사항입니다. D7,0
공지사항 대구대학교 보여주세요 7일내, 네 7일내 대구대학교 공지사항입니다. D7,0
7일내 대구대학교 공지사항 보여주세요, 네 7일내 대구대학교 공지사항입니다. D7,0
7일내 대구대학교 공지사항 보여주세요, 네 7일내 대구대학교 공지사항입니다. D7,0
7일내 대구대학교 공지사항 알려줘, 네 7일내 대구대학교 공지사항입니다. D7,0
7일내 공지사항 대구대학교 알려줘, 네 7일내 대구대학교 공지사항입니다. D7,0
7일내 대구대학교 공지사항 알려줘, 네 7일내 대구대학교 공지사항입니다. D7,0
7일내 대구대학교 공지사항 알려주세요, 네 7일내 대구대학교 공지사항입니다. D7,0
대구대학교 7일내 알려주세요 공지사항, 네 7일내 대구대학교 공지사항입니다. D7,0
7일내 대구대학교 공지사항 알려주세요, 네 7일내 대구대학교 공지사항입니다. D7,0
7일내 대구대학교 공지사항 말해, 네 7일내 대구대학교 공지사항입니다. D7,0
대구대학교 공지사항 7일내 말해, 네 7일내 대구대학교 공지사항입니다. D7,0
7일내 대구대학교 공지사항 말해, 네 7일내 대구대학교 공지사항입니다. D7,0
공지사항 7일내 대구대학교 뭐냐, 네 7일내 대구대학교 공지사항입니다. D7,0
7일내 대구대학교 공지사항 뭐냐, 네 7일내 대구대학교 공지사항입니다. D7,0
7일내 대구대학교 공지사항 뭐냐, 네 7일내 대구대학교 공지사항입니다. D7,0
머냐 대구대학교 7일내 공지사항, 네 7일내 대구대학교 공지사항입니다. D7,0
7일내 대구대학교 공지사항 머냐, 네 7일내 대구대학교 공지사항입니다. D7,0
7일내 대구대학교 공지사항 머냐, 네 7일내 대구대학교 공지사항입니다. D7,0
대구대학교 공지사항 7일내 뭐있음, 네 7일내 대구대학교 공지사항입니다. D7,0
7일내 대구대학교 공지사항 뭐있음, 네 7일내 대구대학교 공지사항입니다. D7,0
7일내 대구대학교 공지사항 뭐있음, 네 7일내 대구대학교 공지사항입니다. D7,0
7일내 대구대학교 공지사항 머있음, 네 7일내 대구대학교 공지사항입니다. D7,0
7일내 대구대학교 공지사항 머있음, 네 7일내 대구대학교 공지사항입니다. D7,0
7일내 대구대학교 공지사항 머있음, 네 7일내 대구대학교 공지사항입니다. D7,0
뭐있냐 대구대학교 7일내 공지사항, 네 7일내 대구대학교 공지사항입니다. D7,0
7일내 대구대학교 공지사항 뭐있냐, 네 7일내 대구대학교 공지사항입니다. D7,0
7일내 대구대학교 공지사항 뭐있냐, 네 7일내 대구대학교 공지사항입니다. D7,0
7일내 대구대학교 공지사항 머있냐, 네 7일내 대구대학교 공지사항입니다. D7,0
공지사항 7일내 대구대학교 머있냐, 네 7일내 대구대학교 공지사항입니다. D7,0
7일내 대구대학교 공지사항 머있냐, 네 7일내 대구대학교 공지사항입니다. D7,0
7일내 대구대학교 공지사항 아냐, 네 7일내 대구대학교 공지사항입니다. D7,0
7일내 대구대학교 공지사항 아냐, 네 7일내 대구대학교 공지사항입니다. D7,0
7일내 대구대학교 공지사항 아냐, 네 7일내 대구대학교 공지사항입니다. D7,0
7일내 대구대학교 공지사항 알고있어, 네 7일내 대구대학교 공지사항입니다. D7,0
7일내 대구대학교 공지사항 알고있어, 네 7일내 대구대학교 공지사항입니다. D7,0
7일내 대구대학교 공지사항 알고있어, 네 7일내 대구대학교 공지사항입니다. D7,0
7일내 대구대 공지, 네 7일내 대구대학교 공지사항입니다. D7,0
대구대 공지 7일내, 네 7일내 대구대학교 공지사항입니다. D7,0
7일내 대구대 공지, 네 7일내 대구대학교 공지사항입니다. D7,0
내놔 공지사항 대구대 7일내, 네 7일내 대구대학교 공지사항입니다. D7,0
7일내 대구대 공지사항 내놔, 네 7일내 대구대학교 공지사항입니다. D7,0
7일내 대구대 공지사항 내놔, 네 7일내 대구대학교 공지사항입니다. D7,0
대구대 공지사항 7일내 보여줘, 네 7일내 대구대학교 공지사항입니다. D7,0
7일내 머구머 공지사항 보여줘, 네 7일내 대구대학교 공지사항입니다. D7,0
7일내 대구대 공지사항 보여줘, 네 7일내 대구대학교 공지사항입니다. D7,0
7일내 대구대 공지사항 보여줘봐, 네 7일내 대구대학교 공지사항입니다. D7,0
7일내 대구대학교 공지사항 보여줘봐, 네 7일내 대구대학교 공지사항입니다. D7,0
7일내 대구대 공지사항 보여줘봐, 네 7일내 대구대학교 공지사항입니다. D7,0
대구대 공지사항 7일내 보여주세요, 네 7일내 대구대학교 공지사항입니다. D7,0
7일내 대구대학교 공지사항 보여주세요, 네 7일내 대구대학교 공지사항입니다. D7,0
7일내 대구대 공지사항 보여주세요, 네 7일내 대구대학교 공지사항입니다. D7,0
7일내 대구대 공지사항 알려줘, 네 7일내 대구대학교 공지사항입니다. D7,0
7일내 공지사항 알려줘 대구대, 네 7일내 대구대학교 공지사항입니다. D7,0
7일내 대구대 공지사항 알려줘, 네 7일내 대구대학교 공지사항입니다. D7,0
7일내 공지사항 알려주세요 대구대, 네 7일내 대구대학교 공지사항입니다. D7,0
7일내 대구대학교 공지사항 알려주세요, 네 7일내 대구대학교 공지사항입니다. D7,0
7일내 대구대 공지사항 알려주세요, 네 7일내 대구대학교 공지사항입니다. D7,0
7일내 머구머 공지사항 말해, 네 7일내 대구대학교 공지사항입니다. D7,0
대구대 말해 공지사항 7일내, 네 7일내 대구대학교 공지사항입니다. D7,0
7일내 대구대 공지사항 말해, 네 7일내 대구대학교 공지사항입니다. D7,0
공지사항 뭐냐 7일내 대구대, 네 7일내 대구대학교 공지사항입니다. D7,0
7일내 머구머 공지사항 뭐냐, 네 7일내 대구대학교 공지사항입니다. D7,0
7일내 대구대 공지사항 뭐냐, 네 7일내 대구대학교 공지사항입니다. D7,0
7일내 대구대학교 공지사항 머냐, 네 7일내 대구대학교 공지사항입니다. D7,0
공지사항 7일내 대구대 머냐, 네 7일내 대구대학교 공지사항입니다. D7,0
7일내 대구대 공지사항 머냐, 네 7일내 대구대학교 공지사항입니다. D7,0
7일내 대구대 공지사항 뭐있음, 네 7일내 대구대학교 공지사항입니다. D7,0
공지사항 7일내 대구대 뭐있음, 네 7일내 대구대학교 공지사항입니다. D7,0
7일내 대구대 공지사항 뭐있음, 네 7일내 대구대학교 공지사항입니다. D7,0
7일내 머구머 공지사항 머있음, 네 7일내 대구대학교 공지사항입니다. D7,0
공지사항 7일내 대구대 머있음, 네 7일내 대구대학교 공지사항입니다. D7,0
7일내 대구대 공지사항 머있음, 네 7일내 대구대학교 공지사항입니다. D7,0
뭐있냐 7일내 공지사항 대구대, 네 7일내 대구대학교 공지사항입니다. D7,0
7일내 머구머 공지사항 뭐있냐, 네 7일내 대구대학교 공지사항입니다. D7,0
7일내 대구대 공지사항 뭐있냐, 네 7일내 대구대학교 공지사항입니다. D7,0
7일내 대구대학교 공지사항 머있냐, 네 7일내 대구대학교 공지사항입니다. D7,0
공지사항 7일내 대구대 머있냐, 네 7일내 대구대학교 공지사항입니다. D7,0
7일내 대구대 공지사항 머있냐, 네 7일내 대구대학교 공지사항입니다. D7,0
공지사항 아냐 7일내 대구대, 네 7일내 대구대학교 공지사항입니다. D7,0
7일내 대구대 공지사항 아냐, 네 7일내 대구대학교 공지사항입니다. D7,0
7일내 대구대 공지사항 아냐, 네 7일내 대구대학교 공지사항입니다. D7,0
7일내 대구대 공지사항 알고있어, 네 7일내 대구대학교 공지사항입니다. D7,0
7일내 대구대학교 공지사항 알고있어, 네 7일내 대구대학교 공지사항입니다. D7,0
7일내 대구대 공지사항 알고있어, 네 7일내 대구대학교 공지사항입니다. D7,0
7일내 ai학부 공지, 네 7일내 AI학부 공지사항입니다. DA7,1
7일내 ai학부 공지, 네 7일내 AI학부 공지사항입니다. DA7,1
7일내 ai학부 공지, 네 7일내 AI학부 공지사항입니다. DA7,1
내놔 ai학부 7일내 공지사항, 네 7일내 AI학부 공지사항입니다. DA7,1
7일내 ai학부 공지사항 내놔, 네 7일내 AI학부 공지사항입니다. DA7,1
7일내 ai학부 공지사항 내놔, 네 7일내 AI학부 공지사항입니다. DA7,1
7일내 ai학부 공지사항 보여줘, 네 7일내 AI학부 공지사항입니다. DA7,1
7일내 ai학부 공지사항 보여줘, 네 7일내 AI학부 공지사항입니다. DA7,1
7일내 ai학부 공지사항 보여줘, 네 7일내 AI학부 공지사항입니다. DA7,1
보여줘봐 ai학부 7일내 공지사항, 네 7일내 AI학부 공지사항입니다. DA7,1
7일내 ai학부 공지사항 보여줘봐, 네 7일내 AI학부 공지사항입니다. DA7,1
7일내 ai학부 공지사항 보여줘봐, 네 7일내 AI학부 공지사항입니다. DA7,1
7일내 ai학부 공지사항 보여주세요, 네 7일내 AI학부 공지사항입니다. DA7,1
7일내 공지사항 보여주세요 ai학부, 네 7일내 AI학부 공지사항입니다. DA7,1
7일내 ai학부 공지사항 보여주세요, 네 7일내 AI학부 공지사항입니다. DA7,1
7일내 ai학부 공지사항 알려줘, 네 7일내 AI학부 공지사항입니다. DA7,1
7일내 ai학부 공지사항 알려줘, 네 7일내 AI학부 공지사항입니다. DA7,1
7일내 ai학부 공지사항 알려줘, 네 7일내 AI학부 공지사항입니다. DA7,1
7일내 ai학부 공지사항 알려주세요, 네 7일내 AI학부 공지사항입니다. DA7,1
공지사항 ai학부 알려주세요 7일내, 네 7일내 AI학부 공지사항입니다. DA7,1
7일내 ai학부 공지사항 알려주세요, 네 7일내 AI학부 공지사항입니다. DA7,1
7일내 ai학부 공지사항 말해, 네 7일내 AI학부 공지사항입니다. DA7,1
공지사항 ai학부 말해 7일내, 네 7일내 AI학부 공지사항입니다. DA7,1
7일내 ai학부 공지사항 말해, 네 7일내 AI학부 공지사항입니다. DA7,1
7일내 ai학부 공지사항 뭐냐, 네 7일내 AI학부 공지사항입니다. DA7,1
7일내 ai학부 공지사항 뭐냐, 네 7일내 AI학부 공지사항입니다. DA7,1
7일내 ai학부 공지사항 뭐냐, 네 7일내 AI학부 공지사항입니다. DA7,1
7일내 ai학부 공지사항 머냐, 네 7일내 AI학부 공지사항입니다. DA7,1
공지사항 ai학부 머냐 7일내, 네 7일내 AI학부 공지사항입니다. DA7,1
7일내 ai학부 공지사항 머냐, 네 7일내 AI학부 공지사항입니다. DA7,1
공지사항 ai학부 뭐있음 7일내, 네 7일내 AI학부 공지사항입니다. DA7,1
7일내 ai학부 공지사항 뭐있음, 네 7일내 AI학부 공지사항입니다. DA7,1
7일내 ai학부 공지사항 뭐있음, 네 7일내 AI학부 공지사항입니다. DA7,1
7일내 ai학부 공지사항 머있음, 네 7일내 AI학부 공지사항입니다. DA7,1
ai학부 공지사항 7일내 머있음, 네 7일내 AI학부 공지사항입니다. DA7,1
7일내 ai학부 공지사항 머있음, 네 7일내 AI학부 공지사항입니다. DA7,1
ai학부 공지사항 7일내 뭐있냐, 네 7일내 AI학부 공지사항입니다. DA7,1
7일내 ai학부 공지사항 뭐있냐, 네 7일내 AI학부 공지사항입니다. DA7,1
7일내 ai학부 공지사항 뭐있냐, 네 7일내 AI학부 공지사항입니다. DA7,1
머있냐 ai학부 7일내 공지사항, 네 7일내 AI학부 공지사항입니다. DA7,1
7일내 ai학부 공지사항 머있냐, 네 7일내 AI학부 공지사항입니다. DA7,1
7일내 ai학부 공지사항 머있냐, 네 7일내 AI학부 공지사항입니다. DA7,1
7일내 ai학부 공지사항 아냐, 네 7일내 AI학부 공지사항입니다. DA7,1
7일내 아냐 공지사항 ai학부, 네 7일내 AI학부 공지사항입니다. DA7,1
7일내 ai학부 공지사항 아냐, 네 7일내 AI학부 공지사항입니다. DA7,1
ai학부 알고있어 공지사항 7일내, 네 7일내 AI학부 공지사항입니다. DA7,1
7일내 ai학부 공지사항 알고있어, 네 7일내 AI학부 공지사항입니다. DA7,1
7일내 ai학부 공지사항 알고있어, 네 7일내 AI학부 공지사항입니다. DA7,1
3일내 대구대학교 공지, 네 3일내 대구대학교 공지사항입니다. D3,0
3일내 대구대학교 공지, 네 3일내 대구대학교 공지사항입니다. D3,0
3일내 대구대학교 공지, 네 3일내 대구대학교 공지사항입니다. D3,0
3일내 대구대학교 공지사항 내놔, 네 3일내 대구대학교 공지사항입니다. D3,0
내놔 공지사항 대구대학교 3일내, 네 3일내 대구대학교 공지사항입니다. D3,0
3일내 대구대학교 공지사항 내놔, 네 3일내 대구대학교 공지사항입니다. D3,0
3일내 공지사항 보여줘 대구대학교, 네 3일내 대구대학교 공지사항입니다. D3,0
3일내 대구대학교 공지사항 보여줘, 네 3일내 대구대학교 공지사항입니다. D3,0
3일내 대구대학교 공지사항 보여줘, 네 3일내 대구대학교 공지사항입니다. D3,0
3일내 대구대학교 공지사항 보여줘봐, 네 3일내 대구대학교 공지사항입니다. D3,0
3일내 대구대학교 공지사항 보여줘봐, 네 3일내 대구대학교 공지사항입니다. D3,0
3일내 대구대학교 공지사항 보여줘봐, 네 3일내 대구대학교 공지사항입니다. D3,0
대구대학교 보여주세요 공지사항 3일내, 네 3일내 대구대학교 공지사항입니다. D3,0
3일내 대구대학교 공지사항 보여주세요, 네 3일내 대구대학교 공지사항입니다. D3,0
3일내 대구대학교 공지사항 보여주세요, 네 3일내 대구대학교 공지사항입니다. D3,0
3일내 대구대학교 공지사항 알려줘, 네 3일내 대구대학교 공지사항입니다. D3,0
3일내 알려줘 대구대학교 공지사항, 네 3일내 대구대학교 공지사항입니다. D3,0
3일내 대구대학교 공지사항 알려줘, 네 3일내 대구대학교 공지사항입니다. D3,0
공지사항 3일내 대구대학교 알려주세요, 네 3일내 대구대학교 공지사항입니다. D3,0
3일내 대구대학교 공지사항 알려주세요, 네 3일내 대구대학교 공지사항입니다. D3,0
3일내 대구대학교 공지사항 알려주세요, 네 3일내 대구대학교 공지사항입니다. D3,0
대구대학교 말해 공지사항 3일내, 네 3일내 대구대학교 공지사항입니다. D3,0
3일내 대구대학교 공지사항 말해, 네 3일내 대구대학교 공지사항입니다. D3,0
3일내 대구대학교 공지사항 말해, 네 3일내 대구대학교 공지사항입니다. D3,0
대구대학교 뭐냐 공지사항 3일내, 네 3일내 대구대학교 공지사항입니다. D3,0
3일내 대구대학교 공지사항 뭐냐, 네 3일내 대구대학교 공지사항입니다. D3,0
3일내 대구대학교 공지사항 뭐냐, 네 3일내 대구대학교 공지사항입니다. D3,0
3일내 대구대학교 공지사항 머냐, 네 3일내 대구대학교 공지사항입니다. D3,0
대구대학교 공지사항 3일내 머냐, 네 3일내 대구대학교 공지사항입니다. D3,0
3일내 대구대학교 공지사항 머냐, 네 3일내 대구대학교 공지사항입니다. D3,0
3일내 대구대학교 공지사항 뭐있음, 네 3일내 대구대학교 공지사항입니다. D3,0
3일내 대구대학교 공지사항 뭐있음, 네 3일내 대구대학교 공지사항입니다. D3,0
3일내 대구대학교 공지사항 뭐있음, 네 3일내 대구대학교 공지사항입니다. D3,0
3일내 대구대학교 공지사항 머있음, 네 3일내 대구대학교 공지사항입니다. D3,0
공지사항 3일내 대구대학교 머있음, 네 3일내 대구대학교 공지사항입니다. D3,0
3일내 대구대학교 공지사항 머있음, 네 3일내 대구대학교 공지사항입니다. D3,0
3일내 대구대학교 공지사항 뭐있냐, 네 3일내 대구대학교 공지사항입니다. D3,0
대구대학교 뭐있냐 공지사항 3일내, 네 3일내 대구대학교 공지사항입니다. D3,0
3일내 대구대학교 공지사항 뭐있냐, 네 3일내 대구대학교 공지사항입니다. D3,0
공지사항 대구대학교 머있냐 3일내, 네 3일내 대구대학교 공지사항입니다. D3,0
3일내 대구대학교 공지사항 머있냐, 네 3일내 대구대학교 공지사항입니다. D3,0
3일내 대구대학교 공지사항 머있냐, 네 3일내 대구대학교 공지사항입니다. D3,0
3일내 대구대학교 공지사항 아냐, 네 3일내 대구대학교 공지사항입니다. D3,0
3일내 대구대학교 공지사항 아냐, 네 3일내 대구대학교 공지사항입니다. D3,0
3일내 대구대학교 공지사항 아냐, 네 3일내 대구대학교 공지사항입니다. D3,0
3일내 대구대학교 공지사항 알고있어, 네 3일내 대구대학교 공지사항입니다. D3,0
알고있어 공지사항 대구대학교 3일내, 네 3일내 대구대학교 공지사항입니다. D3,0
3일내 대구대학교 공지사항 알고있어, 네 3일내 대구대학교 공지사항입니다. D3,0
공지 3일내 대구대, 네 3일내 대구대학교 공지사항입니다. D3,0
3일내 대구대 공지, 네 3일내 대구대학교 공지사항입니다. D3,0
3일내 대구대 공지, 네 3일내 대구대학교 공지사항입니다. D3,0
3일내 대구대 공지사항 내놔, 네 3일내 대구대학교 공지사항입니다. D3,0
3일내 대구대학교 공지사항 내놔, 네 3일내 대구대학교 공지사항입니다. D3,0
3일내 대구대 공지사항 내놔, 네 3일내 대구대학교 공지사항입니다. D3,0
3일내 대구대 공지사항 보여줘, 네 3일내 대구대학교 공지사항입니다. D3,0
공지사항 대구대 보여줘 3일내, 네 3일내 대구대학교 공지사항입니다. D3,0
3일내 대구대 공지사항 보여줘, 네 3일내 대구대학교 공지사항입니다. D3,0
3일내 대구대 공지사항 보여줘봐, 네 3일내 대구대학교 공지사항입니다. D3,0
보여줘봐 대구대 3일내 공지사항, 네 3일내 대구대학교 공지사항입니다. D3,0
3일내 대구대 공지사항 보여줘봐, 네 3일내 대구대학교 공지사항입니다. D3,0
보여주세요 공지사항 대구대 3일내, 네 3일내 대구대학교 공지사항입니다. D3,0
3일내 대구대 공지사항 보여주세요, 네 3일내 대구대학교 공지사항입니다. D3,0
3일내 대구대 공지사항 보여주세요, 네 3일내 대구대학교 공지사항입니다. D3,0
3일내 머구머 공지사항 알려줘, 네 3일내 대구대학교 공지사항입니다. D3,0
공지사항 3일내 대구대 알려줘, 네 3일내 대구대학교 공지사항입니다. D3,0
3일내 대구대 공지사항 알려줘, 네 3일내 대구대학교 공지사항입니다. D3,0
대구대 공지사항 3일내 알려주세요, 네 3일내 대구대학교 공지사항입니다. D3,0
3일내 대구대학교 공지사항 알려주세요, 네 3일내 대구대학교 공지사항입니다. D3,0
3일내 대구대 공지사항 알려주세요, 네 3일내 대구대학교 공지사항입니다. D3,0
대구대 말해 공지사항 3일내, 네 3일내 대구대학교 공지사항입니다. D3,0
3일내 대구대 공지사항 말해, 네 3일내 대구대학교 공지사항입니다. D3,0
3일내 대구대 공지사항 말해, 네 3일내 대구대학교 공지사항입니다. D3,0
공지사항 3일내 대구대 뭐냐, 네 3일내 대구대학교 공지사항입니다. D3,0
3일내 대구대학교 공지사항 뭐냐, 네 3일내 대구대학교 공지사항입니다. D3,0
3일내 대구대 공지사항 뭐냐, 네 3일내 대구대학교 공지사항입니다. D3,0
3일내 머구머 공지사항 머냐, 네 3일내 대구대학교 공지사항입니다. D3,0
3일내 대구대 공지사항 머냐, 네 3일내 대구대학교 공지사항입니다. D3,0
3일내 대구대 공지사항 머냐, 네 3일내 대구대학교 공지사항입니다. D3,0
3일내 대구대 공지사항 뭐있음, 네 3일내 대구대학교 공지사항입니다. D3,0
3일내 대구대학교 공지사항 뭐있음, 네 3일내 대구대학교 공지사항입니다. D3,0
3일내 대구대 공지사항 뭐있음, 네 3일내 대구대학교 공지사항입니다. D3,0
3일내 머구머 공지사항 머있음, 네 3일내 대구대학교 공지사항입니다. D3,0
대구대 머있음 공지사항 3일내, 네 3일내 대구대학교 공지사항입니다. D3,0
3일내 대구대 공지사항 머있음, 네 3일내 대구대학교 공지사항입니다. D3,0
3일내 대구대학교 공지사항 뭐있냐, 네 3일내 대구대학교 공지사항입니다. D3,0
뭐있냐 대구대 3일내 공지사항, 네 3일내 대구대학교 공지사항입니다. D3,0
3일내 대구대 공지사항 뭐있냐, 네 3일내 대구대학교 공지사항입니다. D3,0
머있냐 대구대 3일내 공지사항, 네 3일내 대구대학교 공지사항입니다. D3,0
3일내 머구머 공지사항 머있냐, 네 3일내 대구대학교 공지사항입니다. D3,0
3일내 대구대 공지사항 머있냐, 네 3일내 대구대학교 공지사항입니다. D3,0
3일내 대구대 공지사항 아냐, 네 3일내 대구대학교 공지사항입니다. D3,0
공지사항 3일내 대구대 아냐, 네 3일내 대구대학교 공지사항입니다. D3,0
3일내 대구대 공지사항 아냐, 네 3일내 대구대학교 공지사항입니다. D3,0
3일내 대구대학교 공지사항 알고있어, 네 3일내 대구대학교 공지사항입니다. D3,0
공지사항 3일내 대구대 알고있어, 네 3일내 대구대학교 공지사항입니다. D3,0
3일내 대구대 공지사항 알고있어, 네 3일내 대구대학교 공지사항입니다. D3,0
3일내 ai학부 공지, 네 3일내 AI학부 공지사항입니다. DA3,1
3일내 ai학부 공지, 네 3일내 AI학부 공지사항입니다. DA3,1
3일내 ai학부 공지, 네 3일내 AI학부 공지사항입니다. DA3,1
3일내 ai학부 공지사항 내놔, 네 3일내 AI학부 공지사항입니다. DA3,1
ai학부 3일내 내놔 공지사항, 네 3일내 AI학부 공지사항입니다. DA3,1
3일내 ai학부 공지사항 내놔, 네 3일내 AI학부 공지사항입니다. DA3,1
3일내 ai학부 공지사항 보여줘, 네 3일내 AI학부 공지사항입니다. DA3,1
3일내 ai학부 공지사항 보여줘, 네 3일내 AI학부 공지사항입니다. DA3,1
3일내 ai학부 공지사항 보여줘, 네 3일내 AI학부 공지사항입니다. DA3,1
3일내 ai학부 공지사항 보여줘봐, 네 3일내 AI학부 공지사항입니다. DA3,1
보여줘봐 공지사항 ai학부 3일내, 네 3일내 AI학부 공지사항입니다. DA3,1
3일내 ai학부 공지사항 보여줘봐, 네 3일내 AI학부 공지사항입니다. DA3,1
ai학부 3일내 보여주세요 공지사항, 네 3일내 AI학부 공지사항입니다. DA3,1
3일내 ai학부 공지사항 보여주세요, 네 3일내 AI학부 공지사항입니다. DA3,1
3일내 ai학부 공지사항 보여주세요, 네 3일내 AI학부 공지사항입니다. DA3,1
공지사항 ai학부 알려줘 3일내, 네 3일내 AI학부 공지사항입니다. DA3,1
3일내 ai학부 공지사항 알려줘, 네 3일내 AI학부 공지사항입니다. DA3,1
3일내 ai학부 공지사항 알려줘, 네 3일내 AI학부 공지사항입니다. DA3,1
3일내 ai학부 공지사항 알려주세요, 네 3일내 AI학부 공지사항입니다. DA3,1
공지사항 ai학부 알려주세요 3일내, 네 3일내 AI학부 공지사항입니다. DA3,1
3일내 ai학부 공지사항 알려주세요, 네 3일내 AI학부 공지사항입니다. DA3,1
말해 ai학부 3일내 공지사항, 네 3일내 AI학부 공지사항입니다. DA3,1
3일내 ai학부 공지사항 말해, 네 3일내 AI학부 공지사항입니다. DA3,1
3일내 ai학부 공지사항 말해, 네 3일내 AI학부 공지사항입니다. DA3,1
3일내 ai학부 공지사항 뭐냐, 네 3일내 AI학부 공지사항입니다. DA3,1
뭐냐 ai학부 3일내 공지사항, 네 3일내 AI학부 공지사항입니다. DA3,1
3일내 ai학부 공지사항 뭐냐, 네 3일내 AI학부 공지사항입니다. DA3,1
3일내 ai학부 공지사항 머냐, 네 3일내 AI학부 공지사항입니다. DA3,1
3일내 머냐 ai학부 공지사항, 네 3일내 AI학부 공지사항입니다. DA3,1
3일내 ai학부 공지사항 머냐, 네 3일내 AI학부 공지사항입니다. DA3,1
공지사항 ai학부 뭐있음 3일내, 네 3일내 AI학부 공지사항입니다. DA3,1
3일내 ai학부 공지사항 뭐있음, 네 3일내 AI학부 공지사항입니다. DA3,1
3일내 ai학부 공지사항 뭐있음, 네 3일내 AI학부 공지사항입니다. DA3,1
머있음 공지사항 ai학부 3일내, 네 3일내 AI학부 공지사항입니다. DA3,1
3일내 ai학부 공지사항 머있음, 네 3일내 AI학부 공지사항입니다. DA3,1
3일내 ai학부 공지사항 머있음, 네 3일내 AI학부 공지사항입니다. DA3,1
공지사항 ai학부 뭐있냐 3일내, 네 3일내 AI학부 공지사항입니다. DA3,1
3일내 ai학부 공지사항 뭐있냐, 네 3일내 AI학부 공지사항입니다. DA3,1
3일내 ai학부 공지사항 뭐있냐, 네 3일내 AI학부 공지사항입니다. DA3,1
3일내 ai학부 공지사항 머있냐, 네 3일내 AI학부 공지사항입니다. DA3,1
3일내 ai학부 공지사항 머있냐, 네 3일내 AI학부 공지사항입니다. DA3,1
3일내 ai학부 공지사항 머있냐, 네 3일내 AI학부 공지사항입니다. DA3,1
3일내 아냐 ai학부 공지사항, 네 3일내 AI학부 공지사항입니다. DA3,1
3일내 ai학부 공지사항 아냐, 네 3일내 AI학부 공지사항입니다. DA3,1
3일내 ai학부 공지사항 아냐, 네 3일내 AI학부 공지사항입니다. DA3,1
알고있어 ai학부 3일내 공지사항, 네 3일내 AI학부 공지사항입니다. DA3,1
3일내 ai학부 공지사항 알고있어, 네 3일내 AI학부 공지사항입니다. DA3,1
3일내 ai학부 공지사항 알고있어, 네 3일내 AI학부 공지사항입니다. DA3,1
14일내 대구대학교 공지, 네 14일내 대구대학교 공지사항입니다. D14,0
공지 14일내 대구대학교, 네 14일내 대구대학교 공지사항입니다. D14,0
14일내 대구대학교 공지, 네 14일내 대구대학교 공지사항입니다. D14,0
내놔 공지사항 대구대학교 14일내, 네 14일내 대구대학교 공지사항입니다. D14,0
14일내 대구대학교 공지사항 내놔, 네 14일내 대구대학교 공지사항입니다. D14,0
14일내 대구대학교 공지사항 내놔, 네 14일내 대구대학교 공지사항입니다. D14,0
보여줘 14일내 공지사항 대구대학교, 네 14일내 대구대학교 공지사항입니다. D14,0
14일내 대구대학교 공지사항 보여줘, 네 14일내 대구대학교 공지사항입니다. D14,0
14일내 대구대학교 공지사항 보여줘, 네 14일내 대구대학교 공지사항입니다. D14,0
14일내 대구대학교 공지사항 보여줘봐, 네 14일내 대구대학교 공지사항입니다. D14,0
공지사항 14일내 대구대학교 보여줘봐, 네 14일내 대구대학교 공지사항입니다. D14,0
14일내 대구대학교 공지사항 보여줘봐, 네 14일내 대구대학교 공지사항입니다. D14,0
대구대학교 14일내 보여주세요 공지사항, 네 14일내 대구대학교 공지사항입니다. D14,0
14일내 대구대학교 공지사항 보여주세요, 네 14일내 대구대학교 공지사항입니다. D14,0
14일내 대구대학교 공지사항 보여주세요, 네 14일내 대구대학교 공지사항입니다. D14,0
14일내 대구대학교 공지사항 알려줘, 네 14일내 대구대학교 공지사항입니다. D14,0
14일내 대구대학교 공지사항 알려줘, 네 14일내 대구대학교 공지사항입니다. D14,0
14일내 대구대학교 공지사항 알려줘, 네 14일내 대구대학교 공지사항입니다. D14,0
14일내 대구대학교 공지사항 알려주세요, 네 14일내 대구대학교 공지사항입니다. D14,0
알려주세요 공지사항 대구대학교 14일내, 네 14일내 대구대학교 공지사항입니다. D14,0
14일내 대구대학교 공지사항 알려주세요, 네 14일내 대구대학교 공지사항입니다. D14,0
14일내 공지사항 말해 대구대학교, 네 14일내 대구대학교 공지사항입니다. D14,0
14일내 대구대학교 공지사항 말해, 네 14일내 대구대학교 공지사항입니다. D14,0
14일내 대구대학교 공지사항 말해, 네 14일내 대구대학교 공지사항입니다. D14,0
14일내 대구대학교 공지사항 뭐냐, 네 14일내 대구대학교 공지사항입니다. D14,0
14일내 공지사항 뭐냐 대구대학교, 네 14일내 대구대학교 공지사항입니다. D14,0
14일내 대구대학교 공지사항 뭐냐, 네 14일내 대구대학교 공지사항입니다. D14,0
14일내 머냐 공지사항 대구대학교, 네 14일내 대구대학교 공지사항입니다. D14,0
14일내 대구대학교 공지사항 머냐, 네 14일내 대구대학교 공지사항입니다. D14,0
14일내 대구대학교 공지사항 머냐, 네 14일내 대구대학교 공지사항입니다. D14,0
14일내 뭐있음 대구대학교 공지사항, 네 14일내 대구대학교 공지사항입니다. D14,0
14일내 대구대학교 공지사항 뭐있음, 네 14일내 대구대학교 공지사항입니다. D14,0
14일내 대구대학교 공지사항 뭐있음, 네 14일내 대구대학교 공지사항입니다. D14,0
14일내 머있음 대구대학교 공지사항, 네 14일내 대구대학교 공지사항입니다. D14,0
14일내 대구대학교 공지사항 머있음, 네 14일내 대구대학교 공지사항입니다. D14,0
14일내 대구대학교 공지사항 머있음, 네 14일내 대구대학교 공지사항입니다. D14,0
14일내 대구대학교 공지사항 뭐있냐, 네 14일내 대구대학교 공지사항입니다. D14,0
14일내 뭐있냐 대구대학교 공지사항, 네 14일내 대구대학교 공지사항입니다. D14,0
14일내 대구대학교 공지사항 뭐있냐, 네 14일내 대구대학교 공지사항입니다. D14,0
14일내 대구대학교 머있냐 공지사항, 네 14일내 대구대학교 공지사항입니다. D14,0
14일내 대구대학교 공지사항 머있냐, 네 14일내 대구대학교 공지사항입니다. D14,0
14일내 대구대학교 공지사항 머있냐, 네 14일내 대구대학교 공지사항입니다. D14,0
14일내 대구대학교 공지사항 아냐, 네 14일내 대구대학교 공지사항입니다. D14,0
아냐 14일내 공지사항 대구대학교, 네 14일내 대구대학교 공지사항입니다. D14,0
14일내 대구대학교 공지사항 아냐, 네 14일내 대구대학교 공지사항입니다. D14,0
14일내 대구대학교 공지사항 알고있어, 네 14일내 대구대학교 공지사항입니다. D14,0
14일내 대구대학교 공지사항 알고있어, 네 14일내 대구대학교 공지사항입니다. D14,0
14일내 대구대학교 공지사항 알고있어, 네 14일내 대구대학교 공지사항입니다. D14,0
14일내 대구대 공지, 네 14일내 대구대학교 공지사항입니다. D14,0
공지 14일내 대구대, 네 14일내 대구대학교 공지사항입니다. D14,0
14일내 대구대 공지, 네 14일내 대구대학교 공지사항입니다. D14,0
내놔 14일내 공지사항 대구대, 네 14일내 대구대학교 공지사항입니다. D14,0
14일내 머구머 공지사항 내놔, 네 14일내 대구대학교 공지사항입니다. D14,0
14일내 대구대 공지사항 내놔, 네 14일내 대구대학교 공지사항입니다. D14,0
14일내 대구대 공지사항 보여줘, 네 14일내 대구대학교 공지사항입니다. D14,0
14일내 머구머 공지사항 보여줘, 네 14일내 대구대학교 공지사항입니다. D14,0
14일내 대구대 공지사항 보여줘, 네 14일내 대구대학교 공지사항입니다. D14,0
14일내 머구머 공지사항 보여줘봐, 네 14일내 대구대학교 공지사항입니다. D14,0
14일내 보여줘봐 대구대 공지사항, 네 14일내 대구대학교 공지사항입니다. D14,0
14일내 대구대 공지사항 보여줘봐, 네 14일내 대구대학교 공지사항입니다. D14,0
대구대 공지사항 14일내 보여주세요, 네 14일내 대구대학교 공지사항입니다. D14,0
14일내 대구대학교 공지사항 보여주세요, 네 14일내 대구대학교 공지사항입니다. D14,0
14일내 대구대 공지사항 보여주세요, 네 14일내 대구대학교 공지사항입니다. D14,0
14일내 대구대학교 공지사항 알려줘, 네 14일내 대구대학교 공지사항입니다. D14,0
14일내 공지사항 알려줘 대구대, 네 14일내 대구대학교 공지사항입니다. D14,0
14일내 대구대 공지사항 알려줘, 네 14일내 대구대학교 공지사항입니다. D14,0
알려주세요 14일내 공지사항 대구대, 네 14일내 대구대학교 공지사항입니다. D14,0
14일내 대구대학교 공지사항 알려주세요, 네 14일내 대구대학교 공지사항입니다. D14,0
14일내 대구대 공지사항 알려주세요, 네 14일내 대구대학교 공지사항입니다. D14,0
공지사항 대구대 말해 14일내, 네 14일내 대구대학교 공지사항입니다. D14,0
14일내 대구대 공지사항 말해, 네 14일내 대구대학교 공지사항입니다. D14,0
14일내 대구대 공지사항 말해, 네 14일내 대구대학교 공지사항입니다. D14,0
공지사항 14일내 대구대 뭐냐, 네 14일내 대구대학교 공지사항입니다. D14,0
14일내 대구대학교 공지사항 뭐냐, 네 14일내 대구대학교 공지사항입니다. D14,0
14일내 대구대 공지사항 뭐냐, 네 14일내 대구대학교 공지사항입니다. D14,0
공지사항 대구대 머냐 14일내, 네 14일내 대구대학교 공지사항입니다. D14,0
14일내 대구대 공지사항 머냐, 네 14일내 대구대학교 공지사항입니다. D14,0
14일내 대구대 공지사항 머냐, 네 14일내 대구대학교 공지사항입니다. D14,0
14일내 대구대 공지사항 뭐있음, 네 14일내 대구대학교 공지사항입니다. D14,0
공지사항 대구대 뭐있음 14일내, 네 14일내 대구대학교 공지사항입니다. D14,0
14일내 대구대 공지사항 뭐있음, 네 14일내 대구대학교 공지사항입니다. D14,0
공지사항 머있음 14일내 대구대, 네 14일내 대구대학교 공지사항입니다. D14,0
14일내 머구머 공지사항 머있음, 네 14일내 대구대학교 공지사항입니다. D14,0
14일내 대구대 공지사항 머있음, 네 14일내 대구대학교 공지사항입니다. D14,0
14일내 대구대학교 공지사항 뭐있냐, 네 14일내 대구대학교 공지사항입니다. D14,0
공지사항 대구대 뭐있냐 14일내, 네 14일내 대구대학교 공지사항입니다. D14,0
14일내 대구대 공지사항 뭐있냐, 네 14일내 대구대학교 공지사항입니다. D14,0
14일내 대구대학교 공지사항 머있냐, 네 14일내 대구대학교 공지사항입니다. D14,0
공지사항 대구대 머있냐 14일내, 네 14일내 대구대학교 공지사항입니다. D14,0
14일내 대구대 공지사항 머있냐, 네 14일내 대구대학교 공지사항입니다. D14,0
대구대 공지사항 14일내 아냐, 네 14일내 대구대학교 공지사항입니다. D14,0
14일내 머구머 공지사항 아냐, 네 14일내 대구대학교 공지사항입니다. D14,0
14일내 대구대 공지사항 아냐, 네 14일내 대구대학교 공지사항입니다. D14,0
14일내 공지사항 알고있어 대구대, 네 14일내 대구대학교 공지사항입니다. D14,0
14일내 대구대 공지사항 알고있어, 네 14일내 대구대학교 공지사항입니다. D14,0
14일내 대구대 공지사항 알고있어, 네 14일내 대구대학교 공지사항입니다. D14,0
14일내 ai학부 공지, 네 14일내 AI학부 공지사항입니다. DA14,1
ai학부 공지 14일내, 네 14일내 AI학부 공지사항입니다. DA14,1
14일내 ai학부 공지, 네 14일내 AI학부 공지사항입니다. DA14,1
14일내 ai학부 공지사항 내놔, 네 14일내 AI학부 공지사항입니다. DA14,1
14일내 ai학부 공지사항 내놔, 네 14일내 AI학부 공지사항입니다. DA14,1
14일내 ai학부 공지사항 내놔, 네 14일내 AI학부 공지사항입니다. DA14,1
14일내 ai학부 공지사항 보여줘, 네 14일내 AI학부 공지사항입니다. DA14,1
공지사항 보여줘 14일내 ai학부, 네 14일내 AI학부 공지사항입니다. DA14,1
14일내 ai학부 공지사항 보여줘, 네 14일내 AI학부 공지사항입니다. DA14,1
ai학부 보여줘봐 공지사항 14일내, 네 14일내 AI학부 공지사항입니다. DA14,1
14일내 ai학부 공지사항 보여줘봐, 네 14일내 AI학부 공지사항입니다. DA14,1
14일내 ai학부 공지사항 보여줘봐, 네 14일내 AI학부 공지사항입니다. DA14,1
공지사항 보여주세요 14일내 ai학부, 네 14일내 AI학부 공지사항입니다. DA14,1
14일내 ai학부 공지사항 보여주세요, 네 14일내 AI학부 공지사항입니다. DA14,1
14일내 ai학부 공지사항 보여주세요, 네 14일내 AI학부 공지사항입니다. DA14,1
14일내 알려줘 ai학부 공지사항, 네 14일내 AI학부 공지사항입니다. DA14,1
14일내 ai학부 공지사항 알려줘, 네 14일내 AI학부 공지사항입니다. DA14,1
14일내 ai학부 공지사항 알려줘, 네 14일내 AI학부 공지사항입니다. DA14,1
14일내 ai학부 공지사항 알려주세요, 네 14일내 AI학부 공지사항입니다. DA14,1
14일내 공지사항 알려주세요 ai학부, 네 14일내 AI학부 공지사항입니다. DA14,1
14일내 ai학부 공지사항 알려주세요, 네 14일내 AI학부 공지사항입니다. DA14,1
14일내 ai학부 공지사항 말해, 네 14일내 AI학부 공지사항입니다. DA14,1
14일내 말해 ai학부 공지사항, 네 14일내 AI학부 공지사항입니다. DA14,1
14일내 ai학부 공지사항 말해, 네 14일내 AI학부 공지사항입니다. DA14,1
공지사항 14일내 ai학부 뭐냐, 네 14일내 AI학부 공지사항입니다. DA14,1
14일내 ai학부 공지사항 뭐냐, 네 14일내 AI학부 공지사항입니다. DA14,1
14일내 ai학부 공지사항 뭐냐, 네 14일내 AI학부 공지사항입니다. DA14,1
14일내 ai학부 공지사항 머냐, 네 14일내 AI학부 공지사항입니다. DA14,1
공지사항 ai학부 머냐 14일내, 네 14일내 AI학부 공지사항입니다. DA14,1
14일내 ai학부 공지사항 머냐, 네 14일내 AI학부 공지사항입니다. DA14,1
ai학부 14일내 뭐있음 공지사항, 네 14일내 AI학부 공지사항입니다. DA14,1
14일내 ai학부 공지사항 뭐있음, 네 14일내 AI학부 공지사항입니다. DA14,1
14일내 ai학부 공지사항 뭐있음, 네 14일내 AI학부 공지사항입니다. DA14,1
공지사항 ai학부 머있음 14일내, 네 14일내 AI학부 공지사항입니다. DA14,1
14일내 ai학부 공지사항 머있음, 네 14일내 AI학부 공지사항입니다. DA14,1
14일내 ai학부 공지사항 머있음, 네 14일내 AI학부 공지사항입니다. DA14,1
14일내 ai학부 공지사항 뭐있냐, 네 14일내 AI학부 공지사항입니다. DA14,1
뭐있냐 ai학부 14일내 공지사항, 네 14일내 AI학부 공지사항입니다. DA14,1
14일내 ai학부 공지사항 뭐있냐, 네 14일내 AI학부 공지사항입니다. DA14,1
14일내 ai학부 공지사항 머있냐, 네 14일내 AI학부 공지사항입니다. DA14,1
공지사항 ai학부 머있냐 14일내, 네 14일내 AI학부 공지사항입니다. DA14,1
14일내 ai학부 공지사항 머있냐, 네 14일내 AI학부 공지사항입니다. DA14,1
14일내 ai학부 공지사항 아냐, 네 14일내 AI학부 공지사항입니다. DA14,1
ai학부 아냐 공지사항 14일내, 네 14일내 AI학부 공지사항입니다. DA14,1
14일내 ai학부 공지사항 아냐, 네 14일내 AI학부 공지사항입니다. DA14,1
14일내 ai학부 공지사항 알고있어, 네 14일내 AI학부 공지사항입니다. DA14,1
공지사항 ai학부 14일내 알고있어, 네 14일내 AI학부 공지사항입니다. DA14,1
14일내 ai학부 공지사항 알고있어, 네 14일내 AI학부 공지사항입니다. DA14,1
10일내 대구대학교 공지, 네 10일내 대구대학교 공지사항입니다. D10,0
공지 10일내 대구대학교, 네 10일내 대구대학교 공지사항입니다. D10,0
10일내 대구대학교 공지, 네 10일내 대구대학교 공지사항입니다. D10,0
대구대학교 공지사항 10일내 내놔, 네 10일내 대구대학교 공지사항입니다. D10,0
10일내 대구대학교 공지사항 내놔, 네 10일내 대구대학교 공지사항입니다. D10,0
10일내 대구대학교 공지사항 내놔, 네 10일내 대구대학교 공지사항입니다. D10,0
공지사항 10일내 대구대학교 보여줘, 네 10일내 대구대학교 공지사항입니다. D10,0
10일내 대구대학교 공지사항 보여줘, 네 10일내 대구대학교 공지사항입니다. D10,0
10일내 대구대학교 공지사항 보여줘, 네 10일내 대구대학교 공지사항입니다. D10,0
10일내 대구대학교 공지사항 보여줘봐, 네 10일내 대구대학교 공지사항입니다. D10,0
대구대학교 10일내 보여줘봐 공지사항, 네 10일내 대구대학교 공지사항입니다. D10,0
10일내 대구대학교 공지사항 보여줘봐, 네 10일내 대구대학교 공지사항입니다. D10,0
10일내 대구대학교 공지사항 보여주세요, 네 10일내 대구대학교 공지사항입니다. D10,0
대구대학교 공지사항 10일내 보여주세요, 네 10일내 대구대학교 공지사항입니다. D10,0
10일내 대구대학교 공지사항 보여주세요, 네 10일내 대구대학교 공지사항입니다. D10,0
10일내 대구대학교 공지사항 알려줘, 네 10일내 대구대학교 공지사항입니다. D10,0
대구대학교 공지사항 10일내 알려줘, 네 10일내 대구대학교 공지사항입니다. D10,0
10일내 대구대학교 공지사항 알려줘, 네 10일내 대구대학교 공지사항입니다. D10,0
10일내 대구대학교 공지사항 알려주세요, 네 10일내 대구대학교 공지사항입니다. D10,0
10일내 대구대학교 공지사항 알려주세요, 네 10일내 대구대학교 공지사항입니다. D10,0
10일내 대구대학교 공지사항 알려주세요, 네 10일내 대구대학교 공지사항입니다. D10,0
10일내 대구대학교 공지사항 말해, 네 10일내 대구대학교 공지사항입니다. D10,0
10일내 대구대학교 공지사항 말해, 네 10일내 대구대학교 공지사항입니다. D10,0
10일내 대구대학교 공지사항 말해, 네 10일내 대구대학교 공지사항입니다. D10,0
10일내 대구대학교 공지사항 뭐냐, 네 10일내 대구대학교 공지사항입니다. D10,0
10일내 뭐냐 대구대학교 공지사항, 네 10일내 대구대학교 공지사항입니다. D10,0
10일내 대구대학교 공지사항 뭐냐, 네 10일내 대구대학교 공지사항입니다. D10,0
10일내 대구대학교 공지사항 머냐, 네 10일내 대구대학교 공지사항입니다. D10,0
10일내 대구대학교 공지사항 머냐, 네 10일내 대구대학교 공지사항입니다. D10,0
10일내 대구대학교 공지사항 머냐, 네 10일내 대구대학교 공지사항입니다. D10,0
공지사항 뭐있음 10일내 대구대학교, 네 10일내 대구대학교 공지사항입니다. D10,0
10일내 대구대학교 공지사항 뭐있음, 네 10일내 대구대학교 공지사항입니다. D10,0
10일내 대구대학교 공지사항 뭐있음, 네 10일내 대구대학교 공지사항입니다. D10,0
10일내 대구대학교 공지사항 머있음, 네 10일내 대구대학교 공지사항입니다. D10,0
10일내 머있음 대구대학교 공지사항, 네 10일내 대구대학교 공지사항입니다. D10,0
10일내 대구대학교 공지사항 머있음, 네 10일내 대구대학교 공지사항입니다. D10,0
10일내 대구대학교 공지사항 뭐있냐, 네 10일내 대구대학교 공지사항입니다. D10,0
뭐있냐 10일내 공지사항 대구대학교, 네 10일내 대구대학교 공지사항입니다. D10,0
10일내 대구대학교 공지사항 뭐있냐, 네 10일내 대구대학교 공지사항입니다. D10,0
머있냐 공지사항 대구대학교 10일내, 네 10일내 대구대학교 공지사항입니다. D10,0
10일내 대구대학교 공지사항 머있냐, 네 10일내 대구대학교 공지사항입니다. D10,0
10일내 대구대학교 공지사항 머있냐, 네 10일내 대구대학교 공지사항입니다. D10,0
아냐 대구대학교 10일내 공지사항, 네 10일내 대구대학교 공지사항입니다. D10,0
10일내 대구대학교 공지사항 아냐, 네 10일내 대구대학교 공지사항입니다. D10,0
10일내 대구대학교 공지사항 아냐, 네 10일내 대구대학교 공지사항입니다. D10,0
10일내 알고있어 대구대학교 공지사항, 네 10일내 대구대학교 공지사항입니다. D10,0
10일내 대구대학교 공지사항 알고있어, 네 10일내 대구대학교 공지사항입니다. D10,0
10일내 대구대학교 공지사항 알고있어, 네 10일내 대구대학교 공지사항입니다. D10,0
10일내 대구대 공지, 네 10일내 대구대학교 공지사항입니다. D10,0
대구대 공지 10일내, 네 10일내 대구대학교 공지사항입니다. D10,0
10일내 대구대 공지, 네 10일내 대구대학교 공지사항입니다. D10,0
10일내 대구대 공지사항 내놔, 네 10일내 대구대학교 공지사항입니다. D10,0
대구대 내놔 공지사항 10일내, 네 10일내 대구대학교 공지사항입니다. D10,0
10일내 대구대 공지사항 내놔, 네 10일내 대구대학교 공지사항입니다. D10,0
10일내 대구대 공지사항 보여줘, 네 10일내 대구대학교 공지사항입니다. D10,0
보여줘 대구대 10일내 공지사항, 네 10일내 대구대학교 공지사항입니다. D10,0
10일내 대구대 공지사항 보여줘, 네 10일내 대구대학교 공지사항입니다. D10,0
공지사항 10일내 대구대 보여줘봐, 네 10일내 대구대학교 공지사항입니다. D10,0
10일내 대구대 공지사항 보여줘봐, 네 10일내 대구대학교 공지사항입니다. D10,0
10일내 대구대 공지사항 보여줘봐, 네 10일내 대구대학교 공지사항입니다. D10,0
공지사항 보여주세요 10일내 대구대, 네 10일내 대구대학교 공지사항입니다. D10,0
10일내 대구대학교 공지사항 보여주세요, 네 10일내 대구대학교 공지사항입니다. D10,0
10일내 대구대 공지사항 보여주세요, 네 10일내 대구대학교 공지사항입니다. D10,0
공지사항 알려줘 10일내 대구대, 네 10일내 대구대학교 공지사항입니다. D10,0
10일내 대구대학교 공지사항 알려줘, 네 10일내 대구대학교 공지사항입니다. D10,0
10일내 대구대 공지사항 알려줘, 네 10일내 대구대학교 공지사항입니다. D10,0
알려주세요 10일내 공지사항 대구대, 네 10일내 대구대학교 공지사항입니다. D10,0
10일내 대구대학교 공지사항 알려주세요, 네 10일내 대구대학교 공지사항입니다. D10,0
10일내 대구대 공지사항 알려주세요, 네 10일내 대구대학교 공지사항입니다. D10,0
10일내 말해 대구대 공지사항, 네 10일내 대구대학교 공지사항입니다. D10,0
10일내 머구머 공지사항 말해, 네 10일내 대구대학교 공지사항입니다. D10,0
10일내 대구대 공지사항 말해, 네 10일내 대구대학교 공지사항입니다. D10,0
10일내 머구머 공지사항 뭐냐, 네 10일내 대구대학교 공지사항입니다. D10,0
뭐냐 대구대 10일내 공지사항, 네 10일내 대구대학교 공지사항입니다. D10,0
10일내 대구대 공지사항 뭐냐, 네 10일내 대구대학교 공지사항입니다. D10,0
10일내 대구대학교 공지사항 머냐, 네 10일내 대구대학교 공지사항입니다. D10,0
대구대 10일내 머냐 공지사항, 네 10일내 대구대학교 공지사항입니다. D10,0
10일내 대구대 공지사항 머냐, 네 10일내 대구대학교 공지사항입니다. D10,0
10일내 대구대 공지사항 뭐있음, 네 10일내 대구대학교 공지사항입니다. D10,0
10일내 대구대학교 공지사항 뭐있음, 네 10일내 대구대학교 공지사항입니다. D10,0
10일내 대구대 공지사항 뭐있음, 네 10일내 대구대학교 공지사항입니다. D10,0
10일내 대구대 공지사항 머있음, 네 10일내 대구대학교 공지사항입니다. D10,0
10일내 대구대학교 공지사항 머있음, 네 10일내 대구대학교 공지사항입니다. D10,0
10일내 대구대 공지사항 머있음, 네 10일내 대구대학교 공지사항입니다. D10,0
10일내 대구대학교 공지사항 뭐있냐, 네 10일내 대구대학교 공지사항입니다. D10,0
10일내 대구대 공지사항 뭐있냐, 네 10일내 대구대학교 공지사항입니다. D10,0
10일내 대구대 공지사항 뭐있냐, 네 10일내 대구대학교 공지사항입니다. D10,0
10일내 공지사항 머있냐 대구대, 네 10일내 대구대학교 공지사항입니다. D10,0
10일내 대구대 공지사항 머있냐, 네 10일내 대구대학교 공지사항입니다. D10,0
10일내 대구대 공지사항 머있냐, 네 10일내 대구대학교 공지사항입니다. D10,0
아냐 10일내 공지사항 대구대, 네 10일내 대구대학교 공지사항입니다. D10,0
10일내 머구머 공지사항 아냐, 네 10일내 대구대학교 공지사항입니다. D10,0
10일내 대구대 공지사항 아냐, 네 10일내 대구대학교 공지사항입니다. D10,0
10일내 대구대 공지사항 알고있어, 네 10일내 대구대학교 공지사항입니다. D10,0
공지사항 알고있어 10일내 대구대, 네 10일내 대구대학교 공지사항입니다. D10,0
10일내 대구대 공지사항 알고있어, 네 10일내 대구대학교 공지사항입니다. D10,0
10일내 ai학부 공지, 네 10일내 AI학부 공지사항입니다. DA10,1
공지 10일내 ai학부, 네 10일내 AI학부 공지사항입니다. DA10,1
10일내 ai학부 공지, 네 10일내 AI학부 공지사항입니다. DA10,1
10일내 ai학부 공지사항 내놔, 네 10일내 AI학부 공지사항입니다. DA10,1
공지사항 ai학부 내놔 10일내, 네 10일내 AI학부 공지사항입니다. DA10,1
10일내 ai학부 공지사항 내놔, 네 10일내 AI학부 공지사항입니다. DA10,1
공지사항 10일내 ai학부 보여줘, 네 10일내 AI학부 공지사항입니다. DA10,1
10일내 ai학부 공지사항 보여줘, 네 10일내 AI학부 공지사항입니다. DA10,1
10일내 ai학부 공지사항 보여줘, 네 10일내 AI학부 공지사항입니다. DA10,1
공지사항 ai학부 보여줘봐 10일내, 네 10일내 AI학부 공지사항입니다. DA10,1
10일내 ai학부 공지사항 보여줘봐, 네 10일내 AI학부 공지사항입니다. DA10,1
10일내 ai학부 공지사항 보여줘봐, 네 10일내 AI학부 공지사항입니다. DA10,1
10일내 보여주세요 ai학부 공지사항, 네 10일내 AI학부 공지사항입니다. DA10,1
10일내 ai학부 공지사항 보여주세요, 네 10일내 AI학부 공지사항입니다. DA10,1
10일내 ai학부 공지사항 보여주세요, 네 10일내 AI학부 공지사항입니다. DA10,1
10일내 ai학부 공지사항 알려줘, 네 10일내 AI학부 공지사항입니다. DA10,1
10일내 공지사항 알려줘 ai학부, 네 10일내 AI학부 공지사항입니다. DA10,1
10일내 ai학부 공지사항 알려줘, 네 10일내 AI학부 공지사항입니다. DA10,1
10일내 ai학부 공지사항 알려주세요, 네 10일내 AI학부 공지사항입니다. DA10,1
공지사항 ai학부 알려주세요 10일내, 네 10일내 AI학부 공지사항입니다. DA10,1
10일내 ai학부 공지사항 알려주세요, 네 10일내 AI학부 공지사항입니다. DA10,1
10일내 ai학부 공지사항 말해, 네 10일내 AI학부 공지사항입니다. DA10,1
말해 ai학부 10일내 공지사항, 네 10일내 AI학부 공지사항입니다. DA10,1
10일내 ai학부 공지사항 말해, 네 10일내 AI학부 공지사항입니다. DA10,1
10일내 ai학부 공지사항 뭐냐, 네 10일내 AI학부 공지사항입니다. DA10,1
10일내 공지사항 뭐냐 ai학부, 네 10일내 AI학부 공지사항입니다. DA10,1
10일내 ai학부 공지사항 뭐냐, 네 10일내 AI학부 공지사항입니다. DA10,1
10일내 ai학부 공지사항 머냐, 네 10일내 AI학부 공지사항입니다. DA10,1
10일내 ai학부 공지사항 머냐, 네 10일내 AI학부 공지사항입니다. DA10,1
10일내 ai학부 공지사항 머냐, 네 10일내 AI학부 공지사항입니다. DA10,1
10일내 ai학부 공지사항 뭐있음, 네 10일내 AI학부 공지사항입니다. DA10,1
10일내 뭐있음 ai학부 공지사항, 네 10일내 AI학부 공지사항입니다. DA10,1
10일내 ai학부 공지사항 뭐있음, 네 10일내 AI학부 공지사항입니다. DA10,1
10일내 ai학부 공지사항 머있음, 네 10일내 AI학부 공지사항입니다. DA10,1
10일내 ai학부 공지사항 머있음, 네 10일내 AI학부 공지사항입니다. DA10,1
10일내 ai학부 공지사항 머있음, 네 10일내 AI학부 공지사항입니다. DA10,1
10일내 ai학부 공지사항 뭐있냐, 네 10일내 AI학부 공지사항입니다. DA10,1
뭐있냐 10일내 공지사항 ai학부, 네 10일내 AI학부 공지사항입니다. DA10,1
10일내 ai학부 공지사항 뭐있냐, 네 10일내 AI학부 공지사항입니다. DA10,1
10일내 ai학부 공지사항 머있냐, 네 10일내 AI학부 공지사항입니다. DA10,1
ai학부 공지사항 10일내 머있냐, 네 10일내 AI학부 공지사항입니다. DA10,1
10일내 ai학부 공지사항 머있냐, 네 10일내 AI학부 공지사항입니다. DA10,1
ai학부 공지사항 10일내 아냐, 네 10일내 AI학부 공지사항입니다. DA10,1
10일내 ai학부 공지사항 아냐, 네 10일내 AI학부 공지사항입니다. DA10,1
10일내 ai학부 공지사항 아냐, 네 10일내 AI학부 공지사항입니다. DA10,1
10일내 ai학부 공지사항 알고있어, 네 10일내 AI학부 공지사항입니다. DA10,1
10일내 공지사항 알고있어 ai학부, 네 10일내 AI학부 공지사항입니다. DA10,1
10일내 ai학부 공지사항 알고있어, 네 10일내 AI학부 공지사항입니다. DA10,1